period,BAT,COL,NG,NUC,OTH,SUN,WAT,WND,carbon_intensity
2025-03-04 00:00:00,51,20689,20190,10859,301,572,1784,18047,368.2576248741258
2025-03-04 01:00:00,14,22185,20950,10861,311,4,1546,19351,376.8378931695515
2025-03-04 02:00:00,-4,21821,20491,10864,310,2,1438,20437,369.3692856858504
2025-03-04 03:00:00,5,21247,20314,10865,294,1,964,19893,370.30156421999646
2025-03-04 04:00:00,53,21287,19960,10860,296,1,890,17892,381.0033829784247
2025-03-04 05:00:00,27,20743,19266,10861,310,1,882,16203,386.20502833379703
2025-03-04 06:00:00,-32,20054,17531,10862,305,1,834,15119,387.4972941212852
2025-03-04 07:00:00,-38,19172,16508,10859,298,1,798,15040,380.8870015006865
2025-03-04 08:00:00,-25,18556,15887,10861,299,2,781,14550,378.5063453235048
2025-03-04 09:00:00,-28,18554,15695,10854,294,1,781,14239,380.4702765358503
2025-03-04 10:00:00,-14,18514,15628,10852,285,1,781,14438,378.8344217574605
2025-03-04 11:00:00,-41,18898,15922,10853,293,2,803,14950,379.0045395590143
2025-03-04 12:00:00,25,19192,17283,10855,283,2,1864,16422,366.8658799259776
2025-03-04 13:00:00,-49,20678,18812,10859,281,8,1832,17591,373.2931497457579
2025-03-04 14:00:00,-51,21297,18682,10857,289,531,1497,18614,371.4666183278487
2025-03-04 15:00:00,-10,21242,18777,10858,302,2002,1066,17589,370.737615905104
2025-03-04 16:00:00,62,21537,19875,10855,270,2649,915,15103,383.53913507142255
2025-03-04 17:00:00,56,21456,19428,10848,275,2467,1005,15030,383.78232834974847
2025-03-04 18:00:00,45,21666,19658,10847,265,2496,859,15322,384.53301104584165
2025-03-04 19:00:00,-8,21424,19237,10842,262,2476,839,15856,380.3349875930521
2025-03-04 20:00:00,33,21606,19650,10843,252,2123,855,14959,388.29652593108744
2025-03-04 21:00:00,41,21588,19510,10845,273,1524,894,14832,391.8051419281511
2025-03-04 22:00:00,-4,21456,18767,10854,277,879,922,16842,383.14117125998314
2025-03-04 23:00:00,-53,21316,18636,10856,284,629,1004,18687,373.30680082400255
2025-03-05 00:00:00,-48,21142,18615,10858,298,339,1320,19889,365.59457555963706
2025-03-05 01:00:00,-60,21346,19069,10858,287,4,1348,20994,363.44554884489344
2025-03-05 02:00:00,-9,21720,18338,10860,292,1,1082,21104,366.31601896767864
2025-03-05 03:00:00,-24,21628,17532,10855,340,2,987,20510,368.62035361269665
2025-03-05 04:00:00,-34,21075,16478,10851,323,2,1008,19902,367.1963221032972
2025-03-05 05:00:00,-38,19535,15648,10845,295,1,983,19640,356.31529390664934
2025-03-05 06:00:00,17,18676,14434,10843,256,2,987,19562,348.6113898451611
2025-03-05 07:00:00,45,17893,13331,10844,257,2,865,19325,342.63770339822895
2025-03-05 08:00:00,54,17598,12751,10848,260,1,840,19637,337.77928342125216
2025-03-05 09:00:00,58,17436,12471,10848,265,1,840,20361,332.0616570327553
2025-03-05 10:00:00,49,17298,12739,10848,264,1,849,20586,329.9134655299039
2025-03-05 11:00:00,45,17583,14018,10850,262,1,861,20534,334.06958256694827
2025-03-05 12:00:00,47,19296,16749,10848,258,1,916,20161,352.48110609877557
2025-03-05 13:00:00,-18,21200,18036,10855,267,13,1347,20076,366.33972358448506
2025-03-05 14:00:00,-32,22461,18035,10860,262,650,1107,20402,371.9425045765815
2025-03-05 15:00:00,-52,22302,17398,10853,256,2243,1070,20771,361.1790328830454
2025-03-05 16:00:00,-39,22078,17229,10852,263,3116,1044,20975,354.37644005402683
2025-03-05 17:00:00,-25,21999,16368,10854,264,4005,985,20958,349.38335455124127
2025-03-05 18:00:00,-1,20952,15830,10852,261,4684,975,21406,336.0343654531144
2025-03-05 19:00:00,-16,20727,16309,10854,254,4751,982,21600,333.6544705211964
2025-03-05 20:00:00,11,21413,16534,10848,253,4557,983,21015,342.3347528235512
2025-03-05 21:00:00,-2,21479,16412,10848,256,4256,903,21034,344.42449392174075
2025-03-05 22:00:00,82,21881,16255,10857,267,3564,950,21143,349.26999026653687
2025-03-05 23:00:00,-19,22282,17409,10861,268,3178,1271,20836,355.09029256367796
2025-03-06 00:00:00,-2,23089,19553,10863,292,1037,2096,20672,368.5734536082474
2025-03-06 01:00:00,19,23555,20427,10864,330,12,2325,21094,373.5443746343449
2025-03-06 02:00:00,1,24049,20267,10868,336,4,1723,21767,376.522179333038
2025-03-06 03:00:00,5,24230,19516,10871,324,1,1183,21622,380.8699454676407
2025-03-06 04:00:00,-33,23351,18547,10870,317,1,1069,21375,376.6335086162364
2025-03-06 05:00:00,-5,22515,17755,10870,285,2,1034,21239,371.3345545830789
2025-03-06 06:00:00,-9,21459,16905,10871,262,1,918,20587,367.2859678282672
2025-03-06 07:00:00,-31,20751,15770,10871,269,1,872,19553,367.1079699071353
2025-03-06 08:00:00,-34,20978,15944,10876,272,1,857,18846,372.8638913492766
2025-03-06 09:00:00,-40,20873,16306,10879,275,1,913,18383,374.43556739162597
2025-03-06 10:00:00,-7,20541,17324,10876,277,1,946,17454,377.0322791194446
2025-03-06 11:00:00,25,20810,20059,10878,277,1,1025,15949,387.5840287436254
2025-03-06 12:00:00,76,21607,23034,10876,276,1,2187,14431,395.37440679836664
2025-03-06 13:00:00,69,23626,26814,10879,293,104,2499,12178,418.364677879208
2025-03-06 14:00:00,-31,24622,26780,10875,351,3876,1780,10505,417.37728230782903
2025-03-06 15:00:00,-67,23780,23452,10877,366,9155,1180,9225,394.8132567207059
2025-03-06 16:00:00,-49,23681,22097,10818,332,10463,1089,8024,394.3718527238245
2025-03-06 17:00:00,-44,23513,21074,10777,290,10713,1043,7576,394.8560219903392
2025-03-06 18:00:00,-64,23250,19497,10770,286,10994,1004,7601,391.6632577926859
2025-03-06 19:00:00,-8,22187,18274,10823,272,11111,961,8351,379.0123799863834
2025-03-06 20:00:00,1,21500,17795,10852,268,11195,952,8896,370.39421206566004
2025-03-06 21:00:00,-2,21427,17501,10853,268,11108,939,8677,371.4049540065846
2025-03-06 22:00:00,45,21184,17558,10854,270,10744,952,8333,373.0168716042322
2025-03-06 23:00:00,46,22245,20631,10852,265,7317,1048,8131,400.83504643084996
2025-03-07 00:00:00,72,24156,25659,10850,289,1446,2313,7585,442.2274423103496
2025-03-07 01:00:00,60,25249,29188,10862,334,6,2427,6646,460.0559032793024
2025-03-07 02:00:00,55,25583,30265,10865,355,3,2194,6398,463.96761668295517
2025-03-07 03:00:00,8,25463,29982,10863,337,3,1692,6051,469.22001639806984
2025-03-07 04:00:00,2,25122,28183,10863,326,2,1203,6483,469.3976504488529
2025-03-07 05:00:00,8,24650,26502,10865,323,2,1047,7276,463.9084233016852
2025-03-07 06:00:00,-2,24084,24990,10861,317,3,1014,7699,459.23498535510254
2025-03-07 07:00:00,-23,23783,24488,10863,310,2,996,6942,463.1745371951129
2025-03-07 08:00:00,-6,23703,23327,10861,300,3,985,7228,461.79274408517944
2025-03-07 09:00:00,-26,23526,23242,10859,295,3,975,7322,460.30273732551814
2025-03-07 10:00:00,-19,23624,23242,10857,294,3,948,7438,460.30698781387923
2025-03-07 11:00:00,-39,23657,22845,10859,301,3,1219,8718,450.3840859642112
2025-03-07 12:00:00,13,23433,24760,10859,303,3,2499,10120,430.52785109042924
2025-03-07 13:00:00,41,24135,26551,10860,338,104,2555,11307,426.1625225652581
2025-03-07 14:00:00,-37,24742,25497,10862,358,1546,2191,11760,422.0881706730457
2025-03-07 15:00:00,8,25179,23740,10857,326,3134,1441,11439,422.43050811833325
2025-03-07 16:00:00,-55,25321,22483,10848,313,4159,1025,10718,424.826231085922
2025-03-07 17:00:00,-75,24440,20096,10840,316,5478,921,10882,412.00581634612746
2025-03-07 18:00:00,-51,23307,18720,10832,293,6547,928,11366,395.656223068583
2025-03-07 19:00:00,6,22608,18744,10821,283,6452,940,11777,388.7255517862378
2025-03-07 20:00:00,-37,22077,18624,10815,279,6475,945,11638,385.77298915499324
2025-03-07 21:00:00,18,22441,19355,10815,284,5980,990,10494,396.9890731346889
2025-03-07 22:00:00,-53,22828,19614,10808,289,5631,973,9645,407.12411271241126
2025-03-07 23:00:00,39,22903,20954,10811,300,3677,965,9766,417.6950226896204
2025-03-08 00:00:00,49,24097,22689,10813,299,862,1496,9884,438.2866261095043
2025-03-08 01:00:00,29,24945,23299,10821,299,6,1721,10969,440.7066265310935
2025-03-08 02:00:00,-7,25162,22536,10822,301,2,1302,11969,439.19430687918765
2025-03-08 03:00:00,14,24414,20994,10825,304,2,1202,14152,422.3538737535984
2025-03-08 04:00:00,35,23111,19472,10831,306,2,1163,15997,403.12900996940084
2025-03-08 05:00:00,47,21877,18768,10830,278,2,983,16052,395.08549181399536
2025-03-08 06:00:00,22,20592,17601,10830,266,2,1071,16488,382.42014595047254
2025-03-08 07:00:00,-33,19143,16056,10834,266,1,935,17584,365.0649831753774
2025-03-08 08:00:00,-24,18285,15988,10839,268,1,918,17623,357.6277817772074
2025-03-08 09:00:00,-44,18481,16391,10841,272,2,919,16507,365.9407596774448
2025-03-08 10:00:00,-16,19117,16601,10841,270,2,926,15510,377.0011541319505
2025-03-08 11:00:00,73,19964,16918,10844,269,1,935,14775,387.8204424653883
2025-03-08 12:00:00,27,21371,17555,10844,267,2,1340,13710,403.21733521715095
2025-03-08 13:00:00,1,22029,17859,10852,271,189,1969,13145,406.6907939380231
2025-03-08 14:00:00,-59,21752,16758,10849,273,3655,1349,13347,386.90300924562746
2025-03-08 15:00:00,-62,19787,15289,10848,250,8437,1128,12426,351.28995785795047
2025-03-08 16:00:00,24,19915,15355,10848,248,9294,1185,10950,354.84893613884014
2025-03-08 17:00:00,-54,19415,14069,10845,249,9724,1092,11952,343.29637995601263
2025-03-08 18:00:00,-48,18193,12969,10838,247,9764,1103,14041,321.29733112790024
2025-03-08 19:00:00,-66,16790,12406,10836,249,9847,1090,15376,301.7285954785955
2025-03-08 20:00:00,-19,15153,12290,10839,250,9797,1156,16503,281.2487683608968
2025-03-08 21:00:00,0,14023,12916,10845,249,9495,1190,16486,272.7915465308877
2025-03-08 22:00:00,-10,13959,13729,10844,248,8761,1173,16330,277.6193990835563
2025-03-08 23:00:00,33,15848,16108,10838,245,5739,1232,15755,314.6964953342047
2025-03-09 00:00:00,86,18976,19040,10840,261,1156,2092,14008,371.573451300802
2025-03-09 01:00:00,110,21572,20626,10840,276,6,2139,13222,402.1630736578913
2025-03-09 02:00:00,28,22440,20075,10834,327,1,1426,14390,406.00681808374446
2025-03-09 03:00:00,0,21864,18838,10838,329,1,1219,15554,396.43954955348687
2025-03-09 04:00:00,-5,21499,18611,10751,307,1,1169,15441,395.3359695458435
2025-03-09 05:00:00,-4,20702,17853,10570,267,1,1098,15457,390.8316147033847
2025-03-09 06:00:00,-41,19545,16880,10483,268,1,1063,16511,376.17833410601145
2025-03-09 07:00:00,-53,18038,15315,10481,255,1,1050,17656,356.3776038761296
2025-03-09 08:00:00,-40,17020,15008,10554,245,1,1047,17888,345.4336308993406
2025-03-09 09:00:00,3,16576,15687,10630,247,1,1040,17399,344.14042836497083
2025-03-09 10:00:00,3,17137,15556,10744,249,1,1057,16194,355.1910864606751
2025-03-09 11:00:00,45,18180,16370,10777,255,2,1065,15216,370.05330318203846
2025-03-09 12:00:00,47,19245,16499,10799,265,2,1191,14714,381.1239284917625
2025-03-09 13:00:00,22,19992,17220,10820,268,251,1192,14791,385.41421401573825
2025-03-09 14:00:00,-68,18993,16046,10837,259,3952,1099,14585,357.8542836704564
2025-03-09 15:00:00,-55,16918,13716,10834,251,8858,1108,13630,317.38584125038307
2025-03-09 16:00:00,-15,16917,12931,10835,249,9955,1156,12182,317.67170222706744
2025-03-09 17:00:00,-23,17050,12124,10836,247,10133,1157,12419,315.8219038831459
2025-03-09 18:00:00,-64,15801,11112,10827,249,10172,1156,14339,293.5227701597685
2025-03-09 19:00:00,-37,13643,11077,10820,249,9731,1096,16999,262.8188996193652
2025-03-09 20:00:00,-9,11734,11044,10820,247,9668,1080,18253,238.36593090058406
2025-03-09 21:00:00,0,11428,11229,10814,246,9520,1079,18509,235.2057302029447
2025-03-09 22:00:00,1,12007,11936,10812,250,9009,1076,18532,244.89099853826445
2025-03-09 23:00:00,43,13947,14500,10811,251,6073,1158,17200,286.8308769516903
2025-03-10 00:00:00,95,18132,17333,10819,279,1360,1976,14265,361.84814578502625
2025-03-10 01:00:00,75,20632,18329,10822,305,5,2322,14059,389.1929255135314
2025-03-10 02:00:00,8,21027,17885,10823,328,2,1704,15379,388.32420036928943
2025-03-10 03:00:00,-7,21083,16455,10831,306,1,1082,15967,388.88432392951705
2025-03-10 04:00:00,-52,20090,15143,10835,266,1,1015,15953,381.6255869472419
2025-03-10 05:00:00,19,18876,14571,10838,272,0,1011,16078,370.01216249087815
2025-03-10 06:00:00,-1,17921,14597,10836,262,1,1053,16216,360.806438367414
2025-03-10 07:00:00,-31,17289,14376,10837,250,1,1039,16271,354.9856743070362
2025-03-10 08:00:00,-11,16985,14748,10832,246,1,1065,15572,356.4335946700764
2025-03-10 09:00:00,-38,17355,15946,10829,246,1,1082,14790,365.3468635299198
2025-03-10 10:00:00,-26,18280,18139,10832,249,1,1030,14367,377.0772362896043
2025-03-10 11:00:00,-23,19107,20704,10834,262,2,1794,14598,378.6958589732156
2025-03-10 12:00:00,1,20455,23202,10836,297,2,2536,15062,382.51025679987845
2025-03-10 13:00:00,-14,21578,23594,10836,325,335,2614,15576,385.57265779488
2025-03-10 14:00:00,-72,20679,19698,10841,330,5288,1932,15964,354.8124832574337
2025-03-10 15:00:00,-9,18045,15727,10839,304,10860,1401,15895,308.3860283047275
2025-03-10 16:00:00,-27,17376,15030,10837,262,11631,1150,14783,304.75493370119085
2025-03-10 17:00:00,-12,17009,13675,10829,243,11676,1073,14649,300.51343611697666
2025-03-10 18:00:00,-4,15403,11829,10823,262,11431,1022,17376,272.875759443515
2025-03-10 19:00:00,-2,13561,10828,10815,263,11249,1006,19843,244.75082515578052
2025-03-10 20:00:00,-1,12740,10685,10808,264,11160,1003,20619,233.95463598799014
2025-03-10 21:00:00,1,12388,10782,10801,265,11065,1006,20686,230.7967877720393
2025-03-10 22:00:00,3,12914,11176,10793,265,10696,1011,20472,239.01678300905985
2025-03-10 23:00:00,52,14593,13674,10787,274,8154,1115,19213,274.13427249417936
2025-03-11 00:00:00,94,19027,15850,10786,303,2225,1848,17141,348.7870499747302
2025-03-11 01:00:00,83,21488,16540,10789,301,17,1906,17118,380.34055273878255
2025-03-11 02:00:00,18,21128,15842,10796,328,2,1604,18279,372.83997823433384
2025-03-11 03:00:00,-1,20398,14499,10801,327,1,1253,19370,362.4684911775297
2025-03-11 04:00:00,-46,18979,13549,10802,302,1,1245,20203,345.978319366495
2025-03-11 05:00:00,-17,16612,12818,10804,265,2,1190,20688,321.9588852185626
2025-03-11 06:00:00,-56,14481,12411,10806,262,2,1119,21234,298.6657594716142
2025-03-11 07:00:00,-57,13488,12365,10806,263,1,1046,21544,287.3587190527449
2025-03-11 08:00:00,-13,13470,12674,10806,262,1,1015,21295,288.9027054276592
2025-03-11 09:00:00,-52,14137,13235,10810,266,1,1029,21243,296.9770393446406
2025-03-11 10:00:00,6,14768,14785,10810,266,1,1031,21044,306.2493023552487
2025-03-11 11:00:00,-9,16359,16718,10808,301,1,1120,20743,324.1970896867098
2025-03-11 12:00:00,17,18294,18869,10812,339,1,2158,19544,342.8648941942485
2025-03-11 13:00:00,32,20237,19728,10817,314,332,2173,18649,361.1480036523616
2025-03-11 14:00:00,-59,19292,17415,10816,331,5174,1511,17536,337.8249277938236
2025-03-11 15:00:00,-41,17155,14439,10814,287,10464,1232,15495,303.74543632328727
2025-03-11 16:00:00,5,16335,13767,10807,282,11318,1211,14021,298.2951022938624
2025-03-11 17:00:00,-6,16492,13597,10797,287,11475,1150,11975,308.3856645430079
2025-03-11 18:00:00,6,17038,13538,10789,278,11149,1126,10568,321.7360292749488
2025-03-11 19:00:00,-33,17681,14120,10781,256,11316,1109,9242,334.42269512346445
2025-03-11 20:00:00,-10,17767,13872,10778,257,11601,1117,8066,339.47642163661584
2025-03-11 21:00:00,-6,17537,14108,10774,256,11805,1129,7410,340.0330090616222
2025-03-11 22:00:00,10,17757,15181,10769,260,11305,1141,7414,345.46892867772607
2025-03-11 23:00:00,70,18473,17955,10772,260,8193,1319,7794,367.1987784564131
2025-03-12 00:00:00,109,19718,21125,10774,262,2124,2526,8642,401.28982843137254
2025-03-12 01:00:00,74,20652,22995,10781,309,15,2631,9562,414.5809397335084
2025-03-12 02:00:00,16,21042,22021,10790,314,1,2284,10705,413.0558408884522
2025-03-12 03:00:00,-32,20795,18762,10798,316,1,1549,12746,403.7930237930238
2025-03-12 04:00:00,-53,19957,16382,10797,311,1,1235,14838,386.243461271822
2025-03-12 05:00:00,-71,19018,14546,10794,269,1,1131,15865,372.59922343346386
2025-03-12 06:00:00,-65,16601,13274,10793,243,1,1091,16624,345.79590860967863
2025-03-12 07:00:00,-17,14634,13171,10795,234,1,1084,16235,328.46429271247126
2025-03-12 08:00:00,-77,15691,13432,10794,238,1,1046,15025,347.18967052537846
2025-03-12 09:00:00,-26,16261,14342,10799,238,1,1042,13344,363.77386118105034
2025-03-12 10:00:00,-52,17438,16348,10795,238,1,1074,11098,390.47067088162976
2025-03-12 11:00:00,52,18877,20275,10797,235,1,1331,9284,412.46466837573126
2025-03-12 12:00:00,70,20005,24094,10801,224,2,2500,7886,421.48912811442165
2025-03-12 13:00:00,104,21518,25933,10806,227,314,2528,6267,439.3015938667888
2025-03-12 14:00:00,41,21522,23722,10806,231,4400,1699,4887,428.754382837107
2025-03-12 15:00:00,18,20677,20166,10802,233,9740,1239,3118,404.22014456078676
2025-03-12 16:00:00,0,20088,19974,10788,232,11090,1243,1901,399.11813338232594
2025-03-12 17:00:00,3,19435,19756,10777,244,11492,1191,1403,394.9223184709414
2025-03-12 18:00:00,-52,19448,19702,10768,258,11483,1211,1302,395.88271990018717
2025-03-12 19:00:00,-72,19655,19669,10764,265,11315,1212,1597,396.8185699868023
2025-03-12 20:00:00,-71,19523,19073,10769,257,11553,1201,1705,393.6869239181378
2025-03-12 21:00:00,-24,19220,19285,10776,261,11520,1195,1656,391.49149305827297
2025-03-12 22:00:00,-2,19147,20268,10777,260,11007,1187,1527,394.87463184304437
2025-03-12 23:00:00,22,19844,22998,10771,263,7777,1359,1582,418.7631546366225
2025-03-13 00:00:00,15,21120,25980,10778,267,1793,2553,2358,453.2560434139122
2025-03-13 01:00:00,20,21956,26369,10782,268,12,2564,4381,456.77598263805163
2025-03-13 02:00:00,36,21981,25090,10790,269,1,1650,7227,444.76612373963366
2025-03-13 03:00:00,-8,21632,22269,10791,267,1,1257,9073,434.67418277626297
2025-03-13 04:00:00,-8,21054,19539,10797,266,1,1196,10515,422.41477272727275
2025-03-13 05:00:00,7,20173,18384,10795,264,1,1155,11332,410.7050280948624
2025-03-13 06:00:00,0,19031,17495,10796,265,1,1125,11970,397.5726315442546
2025-03-13 07:00:00,31,18090,16619,10799,262,1,1119,12192,387.8774550437298
2025-03-13 08:00:00,20,17564,16630,10800,264,1,1119,12575,380.8454716565208
2025-03-13 09:00:00,-26,17161,16673,10801,265,1,1104,12636,377.2771474878444
2025-03-13 10:00:00,-29,17255,17315,10800,265,1,1172,13003,375.6230972533539
2025-03-13 11:00:00,10,18111,19703,10802,268,1,1706,13060,379.84166129969685
2025-03-13 12:00:00,19,18992,21710,10803,269,1,2205,13714,380.67727024352786
2025-03-13 13:00:00,-11,19916,21936,10803,303,337,1917,14838,381.1990462456631
2025-03-13 14:00:00,-17,19303,18762,10801,329,4245,1410,15046,356.00824281973127
2025-03-13 15:00:00,-37,17471,16519,10798,315,9226,1225,13096,325.470391908239
2025-03-13 16:00:00,-8,17982,17288,10787,279,10960,1150,10163,336.71520823311613
2025-03-13 17:00:00,-47,17712,16597,10783,277,11074,1140,10960,329.6484466246204
2025-03-13 18:00:00,-32,15885,15690,10774,282,11137,1163,13096,302.55901169203617
2025-03-13 19:00:00,-26,15160,16268,10768,285,11333,1170,14049,292.0167519237179
2025-03-13 20:00:00,-39,14861,16705,10764,279,11404,1193,13912,290.3472835449268
2025-03-13 21:00:00,-37,14310,17194,10760,269,11423,1199,14189,285.05922922648506
2025-03-13 22:00:00,-3,14073,18072,10758,267,10813,1205,15137,282.9057762862262
2025-03-13 23:00:00,78,15357,20114,10754,268,7676,1438,15407,307.5859449727114
2025-03-14 00:00:00,96,17114,22616,10756,313,1922,2086,16166,344.01778553236994
2025-03-14 01:00:00,63,18091,22554,10761,337,34,2112,18026,351.5449165022646
2025-03-14 02:00:00,-6,18100,21186,10762,310,5,1487,20004,344.67765282262553
2025-03-14 03:00:00,-41,16996,18790,10763,266,2,1285,21349,328.6615761417663
2025-03-14 04:00:00,-39,15502,17630,10766,248,1,1269,21890,312.24523168864374
2025-03-14 05:00:00,-80,14052,15743,10769,248,1,1227,21888,296.70467359979955
2025-03-14 06:00:00,-13,13180,14444,10768,267,2,1098,21354,288.70049099836336
2025-03-14 07:00:00,-13,12731,14160,10769,263,2,1065,20137,289.64204756910374
2025-03-14 08:00:00,-75,12294,13526,10765,235,2,1071,20190,284.0125499931044
2025-03-14 09:00:00,-25,12208,13550,10765,238,2,1077,19964,283.9647622838748
2025-03-14 10:00:00,-23,12659,13922,10768,238,2,1078,20273,287.89483510701496
2025-03-14 11:00:00,-1,13641,15062,10770,237,2,1111,20865,296.6864979655357
2025-03-14 12:00:00,46,15318,16143,10775,251,2,2085,21307,307.05780636158175
2025-03-14 13:00:00,54,16983,16068,10775,257,257,2045,21398,320.0598493447529
2025-03-14 14:00:00,44,16040,14902,10773,257,3281,1481,21495,298.7535336077219
2025-03-14 15:00:00,-7,13933,13617,10773,248,7680,1266,20633,263.9522768296083
2025-03-14 16:00:00,8,12713,13984,10769,236,8504,1253,20739,249.76248423892326
2025-03-14 17:00:00,-9,12575,14339,10760,239,9024,1192,20606,248.1317114338096
2025-03-14 18:00:00,-34,12587,14291,10760,267,8716,1185,20493,249.68431846480627
2025-03-14 19:00:00,-44,12665,14307,10761,286,8200,1184,21206,249.70903522205208
2025-03-14 20:00:00,-34,12719,14514,10755,285,7799,1192,21276,251.84217440808104
2025-03-14 21:00:00,-5,12408,14648,10752,287,7923,1193,21203,248.8912277624289
2025-03-14 22:00:00,44,11992,15512,10750,287,6598,1185,22792,245.77212261422787
2025-03-14 23:00:00,-12,13771,17262,10748,286,3926,1386,21025,282.1777400865598
2025-03-15 00:00:00,2,14888,17225,10747,307,857,2570,20836,300.8838533633883
2025-03-15 01:00:00,28,16052,18112,10745,315,6,2391,20332,319.0832732675306
2025-03-15 02:00:00,47,15976,17195,10751,320,1,1544,20447,320.7012567704169
2025-03-15 03:00:00,-15,15534,16387,10756,317,1,1287,20133,318.8726708074534
2025-03-15 04:00:00,57,15036,15555,10755,283,1,1255,18682,320.5634168505777
2025-03-15 05:00:00,-47,15037,14869,10753,253,1,1217,17526,326.8113875421497
2025-03-15 06:00:00,-60,12499,13371,10753,251,1,1146,19427,289.2155154387677
2025-03-15 07:00:00,-50,11409,13212,10750,247,2,1139,19466,276.8651535380507
2025-03-15 08:00:00,-43,10843,13468,10750,251,2,1137,19716,269.8649419143326
2025-03-15 09:00:00,-31,9907,13429,10753,251,2,1137,20453,255.5929232035205
2025-03-15 10:00:00,-54,9594,12858,10759,250,2,1139,21144,247.3928032751562
2025-03-15 11:00:00,-44,9852,12907,10761,246,2,1144,22581,244.20964681717697
2025-03-15 12:00:00,-14,9924,13125,10761,246,2,1178,22889,244.0432964498976
2025-03-15 13:00:00,84,10426,13608,10757,247,70,1200,23574,247.25010839475704
2025-03-15 14:00:00,86,10974,13797,10759,247,1321,1211,23859,247.29977190220708
2025-03-15 15:00:00,23,11258,14381,10758,247,2999,1209,23562,246.51364899048684
2025-03-15 16:00:00,-60,11061,14432,10757,247,3647,1220,23704,241.9348387890721
2025-03-15 17:00:00,-1,11365,14439,10754,249,4201,1222,23824,242.29179598201443
2025-03-15 18:00:00,6,11518,13927,10753,254,4230,1222,23336,244.26018453238513
2025-03-15 19:00:00,-8,11376,14423,10756,254,3880,1223,22621,248.08368849283224
2025-03-15 20:00:00,19,11395,14305,10766,249,4140,1283,21634,250.4663667288489
2025-03-15 21:00:00,2,11529,14009,10769,252,3618,1309,21844,252.31636455504326
2025-03-15 22:00:00,-51,12332,14188,10769,264,3344,1310,21810,262.233061313823
2025-03-15 23:00:00,-1,12998,14405,10766,273,2786,1327,21583,272.2328764987449
2025-03-16 00:00:00,-38,13496,14483,10763,271,893,2019,22063,280.5254104769351
2025-03-16 01:00:00,-21,14672,14819,10769,271,14,2049,22050,296.0617736719125
2025-03-16 02:00:00,-30,15048,14222,10775,268,2,1427,21947,302.10967812877993
2025-03-16 03:00:00,-2,13928,13345,10772,261,2,1234,22009,290.38977075175876
2025-03-16 04:00:00,50,12991,12883,10772,252,2,1233,21892,280.401165210154
2025-03-16 05:00:00,16,12123,11430,10778,257,2,1228,22225,266.6718338242133
2025-03-16 06:00:00,0,11119,10715,10788,255,3,1216,21912,255.19747178974433
2025-03-16 07:00:00,1,11056,10801,10795,250,2,1211,21225,257.8702950795974
2025-03-16 08:00:00,-48,11104,10888,10800,255,1,1207,20311,263.19380754980006
2025-03-16 09:00:00,11,11001,10570,10801,256,1,1207,19828,263.2305542617606
2025-03-16 10:00:00,25,11281,10996,10799,253,1,1207,19442,269.44855936597287
2025-03-16 11:00:00,63,11702,11819,10797,255,1,1226,18975,278.26324811262265
2025-03-16 12:00:00,2,12527,12824,10801,255,1,1219,18987,289.7396495690264
2025-03-16 13:00:00,19,13048,12837,10799,255,142,1228,19569,291.5176952173688
2025-03-16 14:00:00,-10,13756,13564,10798,256,2069,1211,19257,292.37615145892516
2025-03-16 15:00:00,-50,14319,13072,10803,254,4704,1222,18817,286.9118322484598
2025-03-16 16:00:00,-30,14739,13305,10806,256,5862,1245,17658,291.1467552199997
2025-03-16 17:00:00,15,15209,14716,10814,259,6786,1250,15503,303.23615070021066
2025-03-16 18:00:00,9,15540,14516,10812,256,7479,1183,13549,312.4589542813842
2025-03-16 19:00:00,9,15341,14722,10803,253,7935,1156,12319,314.9397166522754
2025-03-16 20:00:00,-39,14921,14640,10804,254,8255,1168,12073,310.66595785810944
2025-03-16 21:00:00,-9,14557,15204,10804,255,8647,1154,11434,309.17222705734457
2025-03-16 22:00:00,-42,14396,17220,10804,254,8852,1197,10494,314.1179263949347
2025-03-16 23:00:00,-61,14620,19251,10799,248,7534,1490,10166,325.67333364560403
2025-03-17 00:00:00,34,15643,23035,10802,253,2577,2379,10052,359.59397915862604
2025-03-17 01:00:00,50,16937,25740,10808,262,38,2454,10424,382.823437710791
2025-03-17 02:00:00,-84,17139,25095,10808,277,2,2025,11872,379.2876932701761
2025-03-17 03:00:00,-44,16916,22415,10809,278,1,1355,14070,367.6352583586626
2025-03-17 04:00:00,-14,16313,20354,10809,265,2,1196,15650,353.4386372435153
2025-03-17 05:00:00,-14,15813,18918,10811,257,2,1181,16460,343.67944756259067
2025-03-17 06:00:00,27,15336,18050,10812,239,2,1181,17107,334.9969723045543
2025-03-17 07:00:00,41,14897,17629,10815,232,2,1177,17457,328.6570281124498
2025-03-17 08:00:00,100,14861,18052,10810,232,2,1134,17582,328.0980676405461
2025-03-17 09:00:00,68,15220,19392,10811,277,2,1114,17527,333.0921736970393
2025-03-17 10:00:00,60,15267,21248,10815,318,43,1175,16643,339.177050130397
2025-03-17 11:00:00,7,15533,23320,10817,321,43,1948,16967,338.00829514472997
2025-03-17 12:00:00,5,16755,26060,10821,320,2,2604,16798,347.6248892523683
2025-03-17 13:00:00,-13,17516,25996,10815,315,725,2606,17919,344.79632045757063
2025-03-17 14:00:00,-65,16716,21438,10814,299,5987,1947,18319,313.0289576568816
2025-03-17 15:00:00,-42,15884,18063,10812,255,9658,1249,18106,290.88058390214235
2025-03-17 16:00:00,-45,15739,16536,10813,234,10352,1138,17486,287.5935947296306
2025-03-17 17:00:00,-36,15060,15648,10808,233,10587,1151,17267,280.1719505642128
2025-03-17 18:00:00,-35,14024,14303,10799,235,10601,1158,17175,268.7196015235863
2025-03-17 19:00:00,-44,13281,13497,10795,234,10555,1102,17504,259.27469965931505
2025-03-17 20:00:00,-56,12633,13011,10794,230,10113,1093,18321,250.5949591012867
2025-03-17 21:00:00,-19,11888,13320,10786,229,10187,1138,17858,245.11294293972807
2025-03-17 22:00:00,-19,11954,14362,10781,229,9418,1138,18198,249.82062033575028
2025-03-17 23:00:00,34,11599,16320,10775,231,7724,1455,19086,252.39646554801857
2025-03-18 00:00:00,95,12724,19415,10779,232,2540,2310,18875,286.9583395550246
2025-03-18 01:00:00,105,16172,22217,10780,240,33,2078,17628,338.49219528395884
2025-03-18 02:00:00,98,17492,21638,10780,258,4,1536,18099,349.01652242328873
2025-03-18 03:00:00,15,16877,19849,10778,248,2,1187,18917,340.7673154273422
2025-03-18 04:00:00,9,15553,18905,10777,234,2,1146,19052,328.2636499284387
2025-03-18 05:00:00,8,14649,17712,10778,233,2,1138,18964,319.2757230168231
2025-03-18 06:00:00,-17,13689,15941,10776,236,2,1092,18408,310.9501555041828
2025-03-18 07:00:00,-18,13098,15574,10775,233,2,1085,17442,309.63207368837107
2025-03-18 08:00:00,-21,13090,15475,10776,233,2,1131,17337,309.7220067904107
2025-03-18 09:00:00,-22,12725,14650,10783,234,2,1134,17975,301.1864790104556
2025-03-18 10:00:00,-34,12998,16159,10783,237,2,1133,18078,305.98086124401914
2025-03-18 11:00:00,25,14019,18415,10785,234,2,1625,18598,313.6916628730201
2025-03-18 12:00:00,56,15776,20522,10784,236,2,2507,18773,326.3691447215101
2025-03-18 13:00:00,6,17800,21085,10784,252,572,2569,18219,343.0358971481476
2025-03-18 14:00:00,-31,17683,17619,10786,250,4649,1571,17946,325.8311693840194
2025-03-18 15:00:00,10,17297,15949,10777,255,6929,1109,16954,316.7855080831409
2025-03-18 16:00:00,-17,17504,14647,10777,253,8358,1119,15554,316.92059535156534
2025-03-18 17:00:00,11,16459,14039,10773,238,9253,1119,14889,305.9058714304967
2025-03-18 18:00:00,-59,15785,14420,10753,234,9745,1115,14809,299.0105086674052
2025-03-18 19:00:00,-51,14652,13115,10742,233,9975,1085,15545,282.29600588091154
2025-03-18 20:00:00,-28,13508,13322,10739,230,10033,1056,15848,270.2293379489399
2025-03-18 21:00:00,-1,13401,14095,10736,229,9615,1063,15983,271.78483131401543
2025-03-18 22:00:00,-6,13637,14943,10735,226,8978,1066,16236,277.30000759705234
2025-03-18 23:00:00,39,14098,16803,10729,224,6641,1460,16790,290.62949209391473
2025-03-19 00:00:00,68,15689,18858,10725,255,1968,2340,17449,321.64300985865304
2025-03-19 01:00:00,48,16906,19645,10724,292,80,2094,19147,334.70755483346875
2025-03-19 02:00:00,81,17033,19571,10728,288,29,1638,19986,333.9115263719468
2025-03-19 03:00:00,3,16141,17460,10731,257,2,1197,21032,321.9086242760726
2025-03-19 04:00:00,-34,15014,15556,10732,229,2,1116,21605,307.3030208657739
2025-03-19 05:00:00,-23,13939,13106,10738,250,2,1069,21501,293.6103132943779
2025-03-19 06:00:00,-62,12279,11469,10738,230,2,983,21438,273.9930269635755
2025-03-19 07:00:00,-62,11383,10956,10739,231,2,959,21819,261.07234012172705
2025-03-19 08:00:00,-64,11391,11024,10741,232,2,963,22510,258.12954453423475
2025-03-19 09:00:00,-20,11374,11177,10738,231,2,969,21867,261.0564805282403
2025-03-19 10:00:00,-7,11746,12523,10738,230,2,969,22242,266.5948017726674
2025-03-19 11:00:00,65,13051,14427,10736,260,2,1064,22446,282.2952087798746
2025-03-19 12:00:00,78,15329,16470,10734,248,2,2030,22497,302.48857363328784
2025-03-19 13:00:00,86,16638,16486,10738,258,197,1684,22471,314.60369322325624
2025-03-19 14:00:00,70,16994,16111,10739,264,1806,1133,21230,318.0680936983335
2025-03-19 15:00:00,23,16212,14703,10738,258,3539,1046,20779,304.19923326101815
2025-03-19 16:00:00,1,15017,14201,10734,244,4572,1051,21053,287.04708925874417
2025-03-19 17:00:00,-23,14600,14350,10565,242,5750,1030,20691,280.93147831262553
2025-03-19 18:00:00,-11,14744,14888,10082,253,6041,1062,20995,282.49331413289445
2025-03-19 19:00:00,6,15445,15794,10082,255,5519,1017,20780,293.4497372928097
2025-03-19 20:00:00,40,16710,16762,10085,257,4658,1025,19863,313.31123919308357
2025-03-19 21:00:00,-5,17269,17225,10090,255,4443,1034,18615,325.451933958158
2025-03-19 22:00:00,-21,17484,17880,10092,243,4978,1066,17694,329.71649187507205
2025-03-19 23:00:00,11,17878,19200,10091,250,3727,1158,17891,338.57789932484405
2025-03-20 00:00:00,20,18065,19795,10093,264,1236,1990,18835,343.9144783635381
2025-03-20 01:00:00,8,18757,20571,10096,295,28,1970,18976,355.15339245555225
2025-03-20 02:00:00,-14,18757,20287,10107,328,1,1350,19688,354.5344944967661
2025-03-20 03:00:00,-18,17973,18435,10118,309,1,1120,20106,346.0951737111281
2025-03-20 04:00:00,-20,16915,15921,10123,255,1,1041,20629,332.874431511601
2025-03-20 05:00:00,10,16217,14563,10124,252,1,997,20185,327.5192865964169
2025-03-20 06:00:00,-48,15503,13142,10126,251,1,947,19834,321.4656268826561
2025-03-20 07:00:00,-69,14261,12340,10127,251,1,940,19903,307.69989957405545
2025-03-20 08:00:00,-73,14232,12691,10136,255,1,924,19553,309.86676830852923
2025-03-20 09:00:00,-65,13919,12453,10136,259,2,920,19383,307.12544073534826
2025-03-20 10:00:00,-35,13731,14053,10143,260,2,968,19799,305.1390845369223
2025-03-20 11:00:00,-4,14816,16773,10148,258,2,1041,20180,317.0753314139273
2025-03-20 12:00:00,6,16489,19124,10153,262,2,1877,20267,329.8577295394544
2025-03-20 13:00:00,9,18460,20903,10156,286,178,1910,18904,352.72717001384063
2025-03-20 14:00:00,62,19024,20398,10157,289,2943,1706,16763,354.3606851504023
2025-03-20 15:00:00,89,18915,20232,10156,284,6384,1254,13496,354.69990114390623
2025-03-20 16:00:00,56,18892,19469,10154,283,8016,1032,11905,355.12770925551877
2025-03-20 17:00:00,0,18227,17546,10153,284,8906,1083,12424,341.32433732130625
2025-03-20 18:00:00,-20,18232,16709,10150,271,9362,1009,12662,337.7316270566728
2025-03-20 19:00:00,-81,17396,14844,10156,265,10023,985,13721,320.81890980403807
2025-03-20 20:00:00,-159,15775,14771,10153,260,10450,980,14625,300.73891257198414
2025-03-20 21:00:00,-160,14755,15427,10151,257,10189,970,15280,290.87170437721517
2025-03-20 22:00:00,-174,14019,14488,10152,266,10192,1016,16614,276.5730851846845
2025-03-20 23:00:00,-67,13931,15373,10151,264,9299,1124,17710,275.68193553145977
2025-03-21 00:00:00,51,14795,19619,10150,267,3284,2263,17353,312.2230090584521
2025-03-21 01:00:00,113,17658,23071,10151,286,63,2353,16057,360.1416446840234
2025-03-21 02:00:00,84,19055,22596,10151,297,2,2138,16743,368.50111164269833
2025-03-21 03:00:00,107,19134,20912,10156,328,2,1838,17393,366.18577357950477
2025-03-21 04:00:00,3,18958,19888,10155,333,2,1171,17729,366.6143993903779
2025-03-21 05:00:00,-4,18370,17675,10154,325,1,940,18111,359.95546879765755
2025-03-21 06:00:00,-13,17974,17636,10159,267,2,911,17556,360.2152204924642
2025-03-21 07:00:00,-53,17099,16788,10157,272,1,902,17993,349.978625374056
2025-03-21 08:00:00,-42,16777,17682,10158,254,2,915,17988,347.8849593623498
2025-03-21 09:00:00,3,16334,18204,10157,250,2,884,18541,341.47106796116503
2025-03-21 10:00:00,-31,16498,19855,10157,249,1,956,19193,340.7727503812913
2025-03-21 11:00:00,39,16851,21856,10160,250,2,1856,19677,338.2085413984807
2025-03-21 12:00:00,13,18061,24314,10160,278,3,2243,21227,340.5090499220173
2025-03-21 13:00:00,-51,18499,24017,10165,325,1063,2190,21159,339.36820608269676
2025-03-21 14:00:00,-70,16817,19770,10166,309,6436,1347,21136,303.55679677517094
2025-03-21 15:00:00,-45,15397,15747,10161,258,9827,995,20556,276.5048836698859
2025-03-21 16:00:00,-37,14045,13460,10155,247,10701,922,21437,254.11673480896658
2025-03-21 17:00:00,-58,12973,12277,10150,244,10993,884,21500,240.51302872554848
2025-03-21 18:00:00,-9,12700,11890,10142,244,10793,893,20930,239.49809863427194
2025-03-21 19:00:00,-112,12629,11647,10140,246,10468,904,20832,240.05902268028882
2025-03-21 20:00:00,-39,12648,11237,10132,261,9894,909,20935,240.65962380829683
2025-03-21 21:00:00,-3,12954,11155,10126,268,8717,933,21528,245.4490088005116
2025-03-21 22:00:00,20,13095,11468,10122,264,7588,1001,22830,246.62137735735374
2025-03-21 23:00:00,81,13272,12699,10123,262,5756,1007,23146,256.600247188979
2025-03-22 00:00:00,46,14534,15974,10119,263,2150,1484,22684,289.50248312368035
2025-03-22 01:00:00,61,16238,17689,10126,270,46,1564,22460,316.85219271335495
2025-03-22 02:00:00,42,17494,17852,10125,270,2,1561,21364,333.07233299374184
2025-03-22 03:00:00,10,17384,17184,10079,277,2,1127,20310,339.2825395868802
2025-03-22 04:00:00,-11,16963,16710,9901,276,2,973,19338,342.1670407781519
2025-03-22 05:00:00,3,16461,16355,9711,272,2,945,17438,349.04309738996847
2025-03-22 06:00:00,-25,16078,16413,9613,277,2,895,15897,355.6280642434489
2025-03-22 07:00:00,-33,15567,17010,9616,276,2,816,14370,361.2088713036235
2025-03-22 08:00:00,44,15620,17680,9617,277,2,809,12935,370.80584023585567
2025-03-22 09:00:00,-24,16019,17996,9619,276,2,804,12175,380.1062127420121
2025-03-22 10:00:00,-28,16131,18014,9623,275,1,803,11999,382.33482347143513
2025-03-22 11:00:00,-1,17017,19671,9622,273,1,914,11506,392.9240886056641
2025-03-22 12:00:00,27,17835,19971,9629,274,1,2049,10832,396.5802236959319
2025-03-22 13:00:00,18,19106,20969,9628,313,955,1179,10545,407.9377481542902
2025-03-22 14:00:00,-83,18438,17337,9629,330,6654,891,10255,370.8215788561252
2025-03-22 15:00:00,-38,17235,15148,9626,280,10273,858,9753,341.65993505979253
2025-03-22 16:00:00,-53,17652,13616,9618,251,11103,878,9596,340.4541900065432
2025-03-22 17:00:00,-79,16738,12142,9616,252,11453,870,11025,321.2183756066885
2025-03-22 18:00:00,-35,14881,11384,9615,257,11765,882,12533,292.8510818837505
2025-03-22 19:00:00,-31,13591,11180,9609,255,11846,897,13618,273.9916345444107
2025-03-22 20:00:00,-40,12266,11284,9610,254,12061,922,14460,255.73441636384564
2025-03-22 21:00:00,-6,11898,11891,9607,262,11983,935,15189,250.40237050470375
2025-03-22 22:00:00,-15,11742,12799,9607,266,11486,987,15971,249.6284391260761
2025-03-22 23:00:00,56,12221,15287,9604,264,8630,1083,16513,268.83816645197777
2025-03-23 00:00:00,93,15009,18651,9603,283,2464,2091,16880,322.2254663921074
2025-03-23 01:00:00,105,17513,19106,9601,333,39,2147,17480,352.8752789337193
2025-03-23 02:00:00,99,18045,18966,9605,343,3,1646,18049,356.9252202049254
2025-03-23 03:00:00,50,17773,18208,9605,336,3,1110,18799,353.331613138243
2025-03-23 04:00:00,3,17068,17553,9605,269,3,921,18994,347.4664679582712
2025-03-23 05:00:00,1,16134,16044,9651,258,3,904,19187,336.72445402206426
2025-03-23 06:00:00,1,15338,14840,9697,257,2,890,19116,328.2319881611546
2025-03-23 07:00:00,-34,14758,13879,9708,257,1,862,19069,321.94529914529915
2025-03-23 08:00:00,-64,14167,13559,9755,258,1,860,19751,311.8002298968895
2025-03-23 09:00:00,-58,13602,13193,9808,257,2,861,20067,303.4538903900783
2025-03-23 10:00:00,-18,13249,13353,9831,257,2,879,20321,298.32567301378856
2025-03-23 11:00:00,18,13646,14228,9883,258,1,930,20241,303.56557723165275
2025-03-23 12:00:00,-28,14148,14435,9878,258,2,1398,20391,305.99517211732416
2025-03-23 13:00:00,20,14650,14395,9897,261,391,986,20526,309.9008605176193
2025-03-23 14:00:00,7,14899,13976,9928,266,1599,931,21144,302.7808764940239
2025-03-23 15:00:00,22,15593,14286,9919,268,2212,974,21340,305.6319063979942
2025-03-23 16:00:00,-35,16084,13668,9956,270,3320,997,21151,304.8844995490055
2025-03-23 17:00:00,-83,15776,13334,9981,271,4354,956,21301,296.4334496888754
2025-03-23 18:00:00,-37,15054,13073,9986,260,4439,885,22601,283.3914368934969
2025-03-23 19:00:00,5,14215,13735,9979,259,4045,885,23727,273.5602094240838
2025-03-23 20:00:00,11,14374,14198,9968,258,3393,883,24173,276.7819441553421
2025-03-23 21:00:00,18,14337,15121,9962,257,3246,905,23875,279.8496773526676
2025-03-23 22:00:00,66,15081,15969,9961,260,2913,1014,23462,290.4359339987777
2025-03-23 23:00:00,13,16065,16573,9967,279,2624,1002,23457,301.33895398685337
2025-03-24 00:00:00,23,16354,17662,10009,284,1207,1467,23785,307.7142574621068
2025-03-24 01:00:00,32,17942,18517,10122,266,30,1498,23116,329.32902702627126
2025-03-24 02:00:00,-33,18824,18407,10189,264,1,1069,22822,339.71737276882436
2025-03-24 03:00:00,-37,18679,17317,10190,265,1,977,22299,340.6164354077284
2025-03-24 04:00:00,-20,17307,15976,10097,244,1,937,22141,329.419792150923
2025-03-24 05:00:00,-56,16061,15120,10152,242,1,924,22139,317.465896598176
2025-03-24 06:00:00,0,15047,14068,10168,241,2,915,21676,308.6031199188628
2025-03-24 07:00:00,-8,14246,13417,10160,237,2,878,21069,303.1316144730921
2025-03-24 08:00:00,-61,14304,13476,10158,241,2,884,20655,306.1398950703163
2025-03-24 09:00:00,-15,14008,13717,10144,240,2,887,20989,301.7074634829587
2025-03-24 10:00:00,-7,14353,15178,10132,239,1,908,21212,306.1935629514964
2025-03-24 11:00:00,-38,15828,17532,10136,252,1,1018,20828,324.2674313955794
2025-03-24 12:00:00,65,18050,19851,10140,238,2,2066,19881,344.06555418035936
2025-03-24 13:00:00,63,19859,21057,10136,250,623,2090,18345,363.0876931361584
2025-03-24 14:00:00,75,19774,20049,10141,251,4286,1375,16248,357.57004944666824
2025-03-24 15:00:00,35,19969,19582,10143,251,7078,1044,13670,359.53993200691076
2025-03-24 16:00:00,-21,19854,19527,10152,253,8816,995,11742,360.0689867915533
2025-03-24 17:00:00,-36,18939,19183,10177,257,9392,977,11126,353.04291937441974
2025-03-24 18:00:00,-71,18674,18295,10260,260,10285,979,10972,346.3490969649984
2025-03-24 19:00:00,-39,17548,18051,10270,250,10612,1001,11121,334.4319469875316
2025-03-24 20:00:00,-45,16618,18510,10268,248,10733,999,10872,327.8477486327581
2025-03-24 21:00:00,-21,16341,19180,10266,248,10061,998,10354,331.8982010173966
2025-03-24 22:00:00,-3,16752,20473,10261,251,9042,998,9982,343.37918413129466
2025-03-24 23:00:00,21,17900,22956,10259,253,6675,1535,9002,368.6885030830454
2025-03-25 00:00:00,48,19239,26389,10257,252,2386,2454,7946,404.0930246045439
2025-03-25 01:00:00,60,20646,28383,10261,251,52,2506,7453,430.02068608860543
2025-03-25 02:00:00,63,21372,28441,10260,251,1,2490,7249,436.5109016498638
2025-03-25 03:00:00,0,21176,26815,10259,253,1,2179,7170,438.95479934564423
2025-03-25 04:00:00,2,20820,25670,10241,254,1,1175,6592,447.9345224307003
2025-03-25 05:00:00,2,20600,24558,10214,251,1,929,6153,452.3059258786758
2025-03-25 06:00:00,-1,20041,23791,10211,251,2,849,5819,451.9675868969703
2025-03-25 07:00:00,-10,19738,23002,10231,248,2,821,5625,452.0006034497209
2025-03-25 08:00:00,-4,19823,23096,10181,249,2,820,5252,455.7313317289083
2025-03-25 09:00:00,0,19836,23558,9944,253,2,806,5147,458.0593154871864
2025-03-25 10:00:00,0,20246,23883,9723,256,2,845,5166,461.9783436735916
2025-03-25 11:00:00,0,20524,25220,9693,257,2,1566,6144,450.4242500709712
2025-03-25 12:00:00,0,21774,27653,9693,260,3,2064,6489,451.2747291568535
2025-03-25 13:00:00,9,22189,28369,9686,275,881,2305,6195,447.9780857972507
2025-03-25 14:00:00,-21,21369,24966,9688,317,5527,2098,5463,420.9733888512686
2025-03-25 15:00:00,-53,21367,24275,9682,313,8794,1197,4133,415.1646869799736
2025-03-25 16:00:00,-16,21120,22104,9675,267,9707,870,4621,407.4676654766782
2025-03-25 17:00:00,30,20661,21296,9670,255,10390,896,5291,395.87817021711516
2025-03-25 18:00:00,25,20200,20996,9659,247,10139,908,6067,389.4784660248238
2025-03-25 19:00:00,20,19914,20672,9649,257,9742,906,7452,381.73205853203524
2025-03-25 20:00:00,-66,19658,20975,9655,254,9408,877,8844,374.7173335248905
2025-03-25 21:00:00,-25,19058,20748,9659,259,8998,938,10584,362.4574545350973
2025-03-25 22:00:00,-43,18034,20809,9620,257,8655,973,13125,343.7519249615008
2025-03-25 23:00:00,-2,17979,22099,9630,258,7106,1042,13344,350.15534034930585
2025-03-26 00:00:00,26,18900,25510,9649,270,2556,2045,12376,381.5118039589525
2025-03-26 01:00:00,43,21106,27911,9649,297,67,2445,9976,421.85078468123197
2025-03-26 02:00:00,31,22191,27758,9659,304,4,2429,9345,433.2775616625535
2025-03-26 03:00:00,-55,22300,26138,9656,271,4,1690,9325,440.29482611894014
2025-03-26 04:00:00,28,21102,25341,9666,251,3,981,9287,436.97325192397125
2025-03-26 05:00:00,19,20259,25329,9670,279,2,885,8432,437.22080924855493
2025-03-26 06:00:00,-10,20446,24372,9670,293,2,838,7455,446.3609551898012
2025-03-26 07:00:00,-26,20133,24278,9672,277,2,844,6633,450.24347629139504
2025-03-26 08:00:00,-31,19915,24222,9679,238,2,837,6250,451.83106427542873
2025-03-26 09:00:00,-5,19528,24160,9682,237,2,833,6478,447.167364360174
2025-03-26 10:00:00,-6,20041,24806,9679,242,2,966,6146,451.8601719568169
2025-03-26 11:00:00,15,20489,26654,9679,242,2,1774,6103,448.0079435943225
2025-03-26 12:00:00,7,21718,28453,9679,241,3,2409,5944,451.7982879013644
2025-03-26 13:00:00,-43,22258,28004,9682,269,1243,2247,5899,449.0260066993487
2025-03-26 14:00:00,28,21422,24914,9684,283,5948,1565,5023,424.6649338580162
2025-03-26 15:00:00,0,20653,23320,9678,261,9223,903,3393,413.9891147988314
2025-03-26 16:00:00,16,20396,23442,9670,242,10268,868,2351,412.371195337011
2025-03-26 17:00:00,-41,20262,22737,9675,241,10826,883,2389,408.089948037986
2025-03-26 18:00:00,25,19943,22877,9669,250,10848,915,2940,401.6704462922614
2025-03-26 19:00:00,2,19548,22951,9670,258,10654,950,3621,395.74304549620126
2025-03-26 20:00:00,14,19193,22770,9677,273,10283,953,4171,391.8035464995396
2025-03-26 21:00:00,35,19035,23407,9794,280,9705,969,4318,392.25826510519227
2025-03-26 22:00:00,50,19336,24200,9900,280,8649,978,4308,400.0295416611276
2025-03-26 23:00:00,21,19960,25495,9903,281,6793,1362,4342,413.19306894376217
2025-03-27 00:00:00,40,20332,27786,9897,291,2426,2504,5488,427.7412599616078
2025-03-27 01:00:00,20,20903,29381,9898,310,106,2589,6999,435.363074381107
2025-03-27 02:00:00,3,20656,28848,9898,323,66,2398,8115,428.5433882828168
2025-03-27 03:00:00,-8,20022,26968,9898,317,66,1356,9708,421.6049292373439
2025-03-27 04:00:00,-7,18160,25567,9897,334,65,948,10620,405.1414979263235
2025-03-27 05:00:00,-35,17311,23286,9898,339,65,888,11561,393.1941307472399
2025-03-27 06:00:00,0,17234,21762,9903,335,65,934,11613,391.5435113022669
2025-03-27 07:00:00,-42,16803,19888,9915,311,66,904,12386,383.1565140874301
2025-03-27 08:00:00,-34,16227,19164,10016,259,65,857,13550,370.5227605483828
2025-03-27 09:00:00,32,16167,19246,10133,253,66,867,14222,364.8165152657987
2025-03-27 10:00:00,-6,16091,20001,10141,262,66,868,14641,362.2438128383604
2025-03-27 11:00:00,-23,16218,20658,10139,275,65,1432,16154,352.12729905419144
2025-03-27 12:00:00,-35,16659,22087,10145,289,68,2686,16835,346.66831553525185
2025-03-27 13:00:00,-55,17791,21440,10147,291,759,2603,17228,350.23502934305736
2025-03-27 14:00:00,64,18467,20913,10150,276,3285,1371,15370,357.46680782877417
2025-03-27 15:00:00,6,18588,20369,10147,272,5116,975,13229,362.0971732991762
2025-03-27 16:00:00,-7,18321,19572,10144,272,5939,976,13056,356.1832642479458
2025-03-27 17:00:00,-17,17585,19154,10137,271,6481,957,13508,345.0276161936659
2025-03-27 18:00:00,-25,17405,19815,10099,259,6993,982,12881,344.8449765381748
2025-03-27 19:00:00,-1,17601,20258,9953,251,7098,987,12120,350.7419397366224
2025-03-27 20:00:00,25,17932,20559,9830,252,6780,988,11958,356.5716292957087
2025-03-27 21:00:00,6,18088,20767,9804,249,5839,1021,12367,360.81067198896403
2025-03-27 22:00:00,15,18396,21474,9803,250,4736,1045,12538,368.4017756420587
2025-03-27 23:00:00,56,19180,22069,9805,271,3435,1111,12657,380.4035926746763
2025-03-28 00:00:00,-7,19775,22875,9803,275,1240,2192,13403,387.4216458680775
2025-03-28 01:00:00,11,20291,23583,9800,274,73,2221,14187,393.17291311754684
2025-03-28 02:00:00,-18,19427,23562,9801,281,31,1377,16382,379.84133929957795
2025-03-28 03:00:00,-52,17818,21591,9808,296,30,1005,18533,357.42369149198163
2025-03-28 04:00:00,-45,16525,20207,9812,295,30,895,19099,343.54964231195186
2025-03-28 05:00:00,-28,14806,19168,9816,278,29,905,18815,329.094357961404
2025-03-28 06:00:00,100,14118,18872,9817,273,29,987,18656,322.2650035002864
2025-03-28 07:00:00,-7,13850,17444,9825,259,29,916,18866,317.7830080742702
2025-03-28 08:00:00,-48,12992,15947,9853,254,29,865,19078,306.4541292182466
2025-03-28 09:00:00,-24,12797,16301,9857,255,29,843,19170,304.5468359559668
2025-03-28 10:00:00,-27,13309,16600,9854,260,29,889,19283,309.28617705201253
2025-03-28 11:00:00,36,14273,17300,9855,284,29,1556,19534,314.40501375920593
2025-03-28 12:00:00,20,15279,18474,9863,284,29,2216,20375,317.7141568981064
2025-03-28 13:00:00,97,16332,18359,9863,284,512,2181,20773,322.25259864621864
2025-03-28 14:00:00,53,16482,17765,9866,268,2892,1302,20186,318.82756415845614
2025-03-28 15:00:00,43,15955,16313,9864,267,5489,1006,20462,300.9366129194945
2025-03-28 16:00:00,0,15388,15227,9857,246,7387,992,20303,287.31988472622476
2025-03-28 17:00:00,-20,14643,15078,9851,246,8144,1000,20607,276.2067031876806
2025-03-28 18:00:00,-32,13976,14699,9850,263,8875,999,20459,267.16264528361967
2025-03-28 19:00:00,-28,13726,14860,9836,295,9047,999,20683,263.58293238065056
2025-03-28 20:00:00,-36,14198,15312,9843,313,8792,1001,20701,269.56534139524274
2025-03-28 21:00:00,21,14496,16232,9860,345,7606,1025,20735,277.8612059158134
2025-03-28 22:00:00,-8,14405,16679,9844,377,6811,1040,20637,281.37995271190084
2025-03-28 23:00:00,-12,14241,17379,9835,387,5077,1125,21117,285.8826591852377
2025-03-29 00:00:00,36,14753,18159,9835,405,1592,1878,21844,299.86423754050975
2025-03-29 01:00:00,29,16046,18862,9827,408,50,1492,21879,320.53124954441415
2025-03-29 02:00:00,22,16662,18481,9645,413,1,1148,21479,329.9612385963361
2025-03-29 03:00:00,-19,16571,17449,9279,430,1,1065,21450,330.5876845951741
2025-03-29 04:00:00,-29,16310,16326,8771,441,1,953,21022,332.4617916764637
2025-03-29 05:00:00,-75,15843,15331,8444,431,1,896,20635,331.53025721067866
2025-03-29 06:00:00,-43,14868,13947,8320,450,1,894,20979,319.10596472330684
2025-03-29 07:00:00,7,14287,13832,8252,448,1,894,19998,318.63164642492075
2025-03-29 08:00:00,42,14464,14641,8220,441,1,885,17378,336.60293907832784
2025-03-29 09:00:00,27,14870,14838,8222,436,1,889,15379,353.4118766236142
2025-03-29 10:00:00,52,15992,15627,8205,445,1,905,13366,378.13639111241366
2025-03-29 11:00:00,10,16958,16225,8217,459,1,932,11690,399.1815312339426
2025-03-29 12:00:00,-55,17812,16574,8198,464,1,1001,12226,403.0593550452678
2025-03-29 13:00:00,-18,18538,17246,8201,468,128,1009,12487,406.1833651974715
2025-03-29 14:00:00,57,19324,17644,8217,481,730,1009,12633,406.84249937598804
2025-03-29 15:00:00,31,19531,18166,8222,508,1540,1000,12513,403.9001154265091
2025-03-29 16:00:00,3,19326,18323,8300,526,2556,1025,12543,394.9170953004696
2025-03-29 17:00:00,-64,18624,17773,8405,518,3568,1015,12935,380.2657151049798
2025-03-29 18:00:00,0,18652,18234,8445,505,4021,965,12105,382.6719849984903
2025-03-29 19:00:00,18,18778,18146,8477,497,4104,958,12279,381.91188326983576
2025-03-29 20:00:00,-14,17938,17842,8515,521,3583,959,14547,364.3862202814168
2025-03-29 21:00:00,-23,17901,17826,8542,537,2942,985,16341,357.27813561667
2025-03-29 22:00:00,-2,18700,18414,8561,498,2325,992,16702,365.5476658105454
2025-03-29 23:00:00,27,17912,18012,8573,483,1945,1529,17347,354.34161754876345
2025-03-30 00:00:00,43,18479,19218,8580,487,1055,1927,17001,364.1009133103758
