datetime,solar,clear_sky_solar,wind50,cloud,temp,solar_ratio,solar_effective,solar_eff_norm,wind_norm,clear_ratio_norm,renewable_index,carbon_intensity,carbon_norm,green_score
2025-03-04 06:00:00,3.05,6.45,8.35,100.0,3.45,0.4728682170542635,0.0,0.0,0.443441317047265,0.4448546970865938,0.2220033345314983,387.4972941212852,0.3398757315262328,0.29272677272833897
2025-03-04 07:00:00,34.0,104.3,7.66,100.0,3.45,0.3259827420901246,0.0,0.0,0.4067976633032396,0.3066709682696196,0.1833734926448957,380.8870015006865,0.3695633621635789,0.2950874143561056
2025-03-04 08:00:00,61.95,264.45,7.47,100.0,3.55,0.2342597844583097,0.0,0.0,0.3967073818374934,0.2203818351420591,0.1630885815796598,378.5063453235048,0.3802551795034723,0.2933885403339473
2025-03-04 09:00:00,124.3,418.88,9.54,100.0,4.5,0.2967436974789916,0.0,0.0,0.5066383430695698,0.2791640945477717,0.2078243218304253,380.4702765358503,0.3714349248225247,0.30599068362568493
2025-03-04 10:00:00,185.23,541.6,9.1,100.0,5.85,0.3420051698670605,0.0,0.0,0.483271375464684,0.3217442000882062,0.2093302526570464,378.8344217574605,0.37878174821213356,0.3110011499900987
2025-03-04 11:00:00,125.43,618.38,7.94,100.0,6.81,0.2028364436107248,0.0,0.0,0.421667551779076,0.1908200666195681,0.1646642788576364,379.0045395590143,0.37801772841040376,0.2926763485892968
2025-03-04 12:00:00,162.65,629.97,8.46,99.89,9.08,0.2581868977887835,0.1789149999999983,0.0001841855862181,0.4492830589484865,0.2428914654553248,0.18345530356872,366.8658799259776,0.4325339297802329,0.3329024792956278
2025-03-04 13:00:00,145.15,584.4,7.35,98.97,10.87,0.2483744010951403,1.4950449999999966,0.001539086939315,0.3903345724907063,0.2336602778075135,0.1646019707783721,373.2931497457579,0.4036682768707682,0.30804175443380977
2025-03-04 14:00:00,67.8,490.85,7.03,99.67,10.94,0.1381277375980442,0.2237399999999979,0.0002303310681634,0.3733404142326076,0.1299448147545581,0.1381062527547756,371.4666183278487,0.41187145231165867,0.30236537248890544
2025-03-04 15:00:00,56.03,349.15,8.3,100.0,8.18,0.1604754403551482,0.0,0.0,0.4407859798194371,0.1509686014715494,0.162429514240141,370.737615905104,0.41514549113298627,0.31405910037584817
2025-03-04 16:00:00,35.4,178.02,8.55,100.0,6.2,0.1988540613414223,0.0,0.0,0.4540626659585768,0.1870736074704849,0.17363352128167,383.53913507142255,0.3576523067280653,0.28404479254950715
2025-03-04 17:00:00,4.43,26.48,8.68,100.0,4.78,0.1672960725075528,0.0,0.0,0.4609665427509294,0.157385167738148,0.1697669963729084,383.78232834974847,0.35656009604469446,0.28184285617598004
2025-03-05 06:00:00,2.2,8.52,7.55,100.0,1.55,0.2582159624413145,0.0,0.0,0.4009559214020181,0.2429188082682509,0.1688705380742556,348.6113898451611,0.5145170718432074,0.37625845833562666
2025-03-05 07:00:00,22.35,137.1,7.7,100.0,1.6,0.1630196936542669,0.0,0.0,0.4089219330855019,0.1533621288643222,0.153349005698515,342.6377033982289,0.5413456264864934,0.38614697817130206
2025-03-05 08:00:00,62.53,320.48,8.67,100.0,1.85,0.1951135796305541,0.0,0.0,0.4604354753053638,0.1835547182780331,0.1748415862472158,337.77928342125216,0.5631653833468977,0.4078358645070249
2025-03-05 09:00:00,92.65,485.02,10.48,100.0,2.01,0.1910230505958517,0.0,0.0,0.556558682952735,0.1797065191624482,0.2029089087183101,332.0616570327553,0.5888439410275503,0.43446992810385426
2025-03-05 10:00:00,114.2,608.5,12.68,100.0,1.74,0.1876746096959737,0.0,0.0,0.6733935209771641,0.1765564456144586,0.2373293454160409,329.9134655299039,0.5984917311535437,0.4540267768585426
2025-03-05 11:00:00,157.05,680.0,14.66,100.0,1.47,0.2309558823529412,0.0,0.0,0.7785448751991504,0.217273661834402,0.2770181949266255,334.06958256694827,0.5798261024797287,0.4587029394584874
2025-03-05 12:00:00,194.82,692.35,16.67,99.88,1.02,0.2813894706434606,0.2337840000000175,0.0002406709503866,0.8852894317578334,0.2647194783067627,0.3186510606638959,352.4811060987756,0.497137704029648,0.42574304668334717
2025-03-05 13:00:00,188.7,644.85,18.08,96.74,0.27,0.2926261921377064,6.151620000000014,0.0063328381404102,0.960169941582581,0.2752905172480319,0.3462755049945857,366.33972358448506,0.4348969621027435,0.3994483792594804
2025-03-05 14:00:00,192.73,541.53,18.83,97.65,-0.49,0.3558990268313851,4.529154999999993,0.0046625775857139,1.0,0.3348149612608054,0.369294281045018,371.9425045765815,0.409734189108855,0.39355822588332023
2025-03-05 15:00:00,161.8,391.65,18.68,99.44,-1.36,0.413123962721818,0.906080000000008,0.0009327718523353,0.9920339883165162,0.3886497943141274,0.3758065412839479,361.1790328830454,0.4580742536647696,0.425167168712441
2025-03-05 16:00:00,83.38,209.48,18.02,99.99,-2.32,0.3980332251288906,0.0083380000000083,8.583625844052943e-06,0.9569835369091876,0.374453057763435,0.3619899644383653,354.37644005402683,0.4886255279994103,0.4379713025749923
2025-03-05 17:00:00,12.85,35.58,17.2,99.81,-3.27,0.3611579539066891,0.0244150000000001,2.513423182805762e-05,0.9134360063728094,0.3397623405235914,0.3419958371324751,349.38335455124127,0.5110500841658753,0.44342838535251516
2025-03-06 06:00:00,12.4,12.98,8.71,9.95,-6.14,0.9553158705701078,11.1662,0.0114951406691974,0.4625597450876262,0.8987213284747223,0.3242597595558311,367.2859678282672,0.430647263758894,0.38809226207766884
2025-03-06 07:00:00,151.35,167.65,9.65,18.24,-4.55,0.9027736355502536,123.74376,0.1273890784810773,0.5124800849707913,0.8492917851029635,0.3872969217523687,367.1079699071353,0.43144667413905047,0.41378677318437773
2025-03-06 08:00:00,333.35,364.9,9.52,18.95,-2.57,0.9135379556042752,270.180175,0.2781393059101017,0.5055762081784387,0.8594184084713207,0.4626261971028466,372.8638913492766,0.40559612870035344,0.42840815606135074
2025-03-06 09:00:00,491.4,534.4,9.08,20.46,-0.77,0.9195359281437124,390.85956,0.402373737180116,0.4822092405735529,0.865061050884014,0.5188618509389267,374.435567391626,0.39853753984432655,0.44666726428216663
2025-03-06 10:00:00,608.75,658.65,8.6,21.87,0.87,0.9242389736582404,475.616375,0.4896273696690685,0.4567180031864047,0.8694854799581077,0.5557261817820772,377.0322791194446,0.38687539066700927,0.45441570711303647
2025-03-06 11:00:00,728.4,729.9,8.13,0.81,2.32,0.9979449239621866,722.49996,0.7437838005489346,0.4317578332448222,0.93882496401182,0.6891842430502779,387.5840287436254,0.3394861957553833,0.47936541467334115
2025-03-06 12:00:00,717.7,730.3,7.89,9.17,3.44,0.9827468163768316,651.8869100000001,0.6710905886387887,0.419012214551248,0.924527218250242,0.6461544023348172,395.3744067983666,0.30449865745885724,0.4411609554092413
2025-03-06 13:00:00,666.15,674.72,7.86,6.26,4.12,0.9872984349063314,624.4490099999999,0.6428444063952883,0.4174190122145513,0.9288091911322596,0.6324097450884615,418.364677879208,0.20124654514334248,0.3737118251213901
2025-03-06 14:00:00,559.88,563.25,7.91,2.27,4.35,0.994016866400355,547.170724,0.5632896099341405,0.4200743494423792,0.9351296112818506,0.5946930320561541,417.377282307829,0.2056810591200318,0.36128584829448074
2025-03-06 15:00:00,373.48,402.05,7.77,25.67,4.12,0.9289391866683248,277.607684,0.2857856189599064,0.4126394052044609,0.873907244330154,0.4414660799073223,394.8132567207059,0.307018850919854,0.3607977425148413
2025-03-06 16:00:00,186.25,211.73,6.91,46.31,2.81,0.8796580550701365,99.997625,0.1029434154824965,0.3669676048858205,0.8275456110493938,0.3270711114168732,394.3718527238245,0.30900125012264107,0.31622919464033394
2025-03-06 17:00:00,28.02,35.42,6.33,70.24,-0.9,0.7910784867306606,8.338752000000003,0.0085843999969149,0.3361656930430165,0.7442136474693656,0.2539846374052355,394.8560219903392,0.3068267868764223,0.2856899270879476
2025-03-07 06:00:00,6.93,9.9,2.47,99.05,-1.18,0.7,0.0658350000000004,6.777440722507365e-05,0.1311736590546999,0.6585308056872038,0.1710921460574633,459.23498535510254,0.0176930079522428,0.079052663194331
2025-03-07 07:00:00,73.45,124.8,2.49,98.71,-0.5,0.5885416666666667,0.9475050000000016,0.0009754171750253,0.1322357939458311,0.553675454186414,0.1508935376085448,463.1745371951129,0.0,0.06035741504341792
2025-03-07 08:00:00,168.2,294.75,2.49,96.92,0.07,0.5706530958439355,5.180559999999989,0.0053331720679566,0.1322357939458311,0.5368466328200057,0.1497066507817288,461.7927440851794,0.00620580144018209,0.06360614117680077
2025-03-07 09:00:00,263.98,454.9,2.56,95.61,0.82,0.5803033633765663,11.588722000000017,0.0119301095776739,0.1359532660647902,0.545925202039092,0.1559360750160924,460.3027373255181,0.012897603583725761,0.07011299215667242
2025-03-07 10:00:00,331.02,581.9,2.2,94.44,1.42,0.5688606289740505,18.404711999999996,0.0189468891311337,0.1168348380244291,0.53516035474573,0.1515559669220416,460.3069878138792,0.012878514121922013,0.06834949524196984
2025-03-07 11:00:00,378.17,653.8,1.57,98.06,1.6,0.5784184765983482,7.33649799999999,0.0075526209927536,0.0833775889537971,0.5441519791695362,0.1376199830164232,450.3840859642112,0.057443476956638255,0.08951407938055223
2025-03-07 12:00:00,399.88,673.47,0.88,99.12,1.77,0.5937606723387827,3.5189439999999674,0.0036226071794368,0.0467339352097716,0.5585852770580492,0.1275485395642597,430.5278510904293,0.1466202503031461,0.13899156600759155
2025-03-07 13:00:00,455.48,626.9,0.28,92.65,1.95,0.7265592598500559,33.47777999999995,0.0344639886794472,0.0148698884758364,0.6835166496693654,0.1583962908163476,426.1625225652581,0.16622547329465343,0.1630938003033311
2025-03-07 14:00:00,344.35,514.95,1.68,86.06,2.15,0.6687056995824837,48.00238999999999,0.0494164734204721,0.0892193308550186,0.6290904330195404,0.1772921225706497,422.0881706730457,0.18452388472740147,0.18163117986470076
2025-03-07 15:00:00,254.73,366.38,2.72,69.78,2.35,0.6952617500955293,76.979406,0.0792471118734448,0.1444503451938396,0.6540732577912918,0.2137733110531327,422.4305081183333,0.18298640549427925,0.19530116771782063
2025-03-07 16:00:00,157.88,196.35,3.16,52.16,2.26,0.8040743570155335,75.529792,0.0777547942679893,0.1678173127987254,0.7564396202255138,0.240510515018715,424.826231085922,0.17222692136046822,0.19954035882376694
2025-03-07 17:00:00,31.85,34.85,3.66,32.79,-0.46,0.9139167862266858,21.406385,0.0220369872287795,0.1943706850770048,0.8597747965213135,0.2412846584417539,412.00581634612746,0.22980496809119436,0.23439684423141818
2025-03-08 06:00:00,13.4,14.35,1.27,28.02,-3.35,0.9337979094076656,9.64532,0.0099294576668359,0.0674455655868295,0.8784781280446523,0.2008940241183973,382.4201459504725,0.3626778233907399,0.2979643036818029
2025-03-08 07:00:00,152.75,162.57,2.49,27.85,-1.45,0.9395952512763732,110.209125,0.1134557320220095,0.1322357939458311,0.8839320254898584,0.2731850092927258,365.0649831753774,0.4406219768027221,0.3736471897987236
2025-03-08 08:00:00,323.73,349.77,3.74,33.49,0.77,0.9255510764216486,215.312823,0.2216556382893918,0.1986192246415295,0.8707198515151529,0.3445575568401853,357.6277817772074,0.47402335564583076,0.42223703612357255
2025-03-08 09:00:00,470.77,513.05,5.61,38.42,3.27,0.9175908780820584,289.900166,0.2984402203250599,0.2979288369622943,0.8632312289065809,0.4112450070325344,365.9407596774448,0.4366887576842181,0.4265112574235447
2025-03-08 10:00:00,582.67,633.62,7.69,45.97,5.67,0.919589028124112,314.816601,0.3240906587284482,0.4083908656399363,0.8651110051309776,0.4575847900824005,377.0011541319505,0.3870151767831998,0.4152430221028801
2025-03-08 11:00:00,603.03,699.97,9.76,70.78,7.41,0.8615083503578724,176.205366,0.1813961301819255,0.5183218268720128,0.8104711258106051,0.4082888383146876,387.8204424653883,0.3384244328876662,0.3663701950584748
2025-03-08 12:00:00,659.28,699.2,11.7,38.5,8.54,0.9429061784897024,405.4572,0.417401403283025,0.6213489113117366,0.8870468077260945,0.5725147365802524,403.21733521715095,0.2692751090660895,0.3905709600717546
2025-03-08 13:00:00,631.17,645.9,13.1,11.6,9.06,0.9771946121690664,557.9542799999999,0.5743908344450902,0.6956983536909188,0.9193039360927,0.6797657105483608,406.6907939380231,0.25367538217684615,0.424111513525452
2025-03-08 14:00:00,535.6,537.0,13.7,1.5,9.14,0.997392923649907,527.566,0.5431073581241433,0.727562400424854,0.9383056651398414,0.6774835322174961,386.90300924562746,0.34254473740759284,0.4765202553315542
2025-03-08 15:00:00,380.05,382.2,13.51,2.63,8.59,0.9943746729461016,370.054685,0.3809559795965093,0.7174721189591079,0.9354662207573516,0.5928128696374573,351.28995785795047,0.5024872961033403,0.538617525516987
2025-03-08 16:00:00,200.5,202.6,12.7,3.76,6.96,0.989634748272458,192.9612,0.1986455676682433,0.6744556558682953,0.93100709730845,0.4878609000563002,354.84893613884014,0.4865034904363804,0.48704645428434834
2025-03-08 17:00:00,35.25,35.67,12.64,4.89,3.94,0.9882253994953742,33.526275000000005,0.0345139122744709,0.6712692511949019,0.9296812407574968,0.4045739796472054,343.29637995601263,0.5383874297047009,0.48486204968170266
2025-03-09 06:00:00,14.32,15.77,6.59,40.37,-1.91,0.9080532656943564,8.539016,0.0087905634948798,0.3499734466277217,0.85425864094943,0.2802390439256425,376.17833410601145,0.3907105619065406,0.34652195471418135
2025-03-09 07:00:00,158.27,167.8,5.78,33.78,0.87,0.9432061978545888,104.806394,0.1078938441064398,0.3069569835369092,0.8873290534319236,0.3234998278006774,356.3776038761296,0.4796380571255375,0.4171827653955934
2025-03-09 08:00:00,339.6,356.42,4.95,31.15,3.49,0.9528084843723696,233.8146,0.2407024518199681,0.2628783855549655,0.8963624841133431,0.3784872383991423,345.4336308993406,0.5287887749663132,0.4686681603394448
2025-03-09 09:00:00,498.35,519.38,5.5,28.71,6.92,0.9595094150718164,355.273715,0.3657395828476433,0.2920870950610728,0.9026664402452872,0.4510292079912009,344.14042836497083,0.534596705323286,0.5011697063904519
2025-03-09 10:00:00,630.4,638.45,9.44,11.22,10.92,0.9873913383976818,559.66912,0.5761561912383742,0.501327668613914,0.9288965908622742,0.6242557143758162,355.1910864606751,0.4849668515975139,0.5406823967088348
2025-03-09 11:00:00,676.17,702.05,10.83,48.03,12.61,0.9631365287372694,351.405549,0.3617574660754373,0.5751460435475306,0.9060786775087584,0.5346382816037295,370.05330318203846,0.41821882306075897,0.4647866064779472
2025-03-09 12:00:00,701.2,702.0,11.6,1.5,13.54,0.9988603988603988,690.682,0.7110285278503534,0.6160382368560807,0.9396862046151148,0.7282629759050239,381.1239284917625,0.3684992941407558,0.5124047668464631
2025-03-09 13:00:00,639.85,645.08,12.36,17.3,13.92,0.991892478452285,529.15595,0.5447441458323152,0.6563993627190654,0.9331310757003723,0.6559180968719517,385.4142140157383,0.349231098423119,0.47190589780265213
2025-03-09 14:00:00,474.45,534.42,12.77,96.53,13.81,0.8877848882901089,16.463414999999976,0.0169484042306581,0.6781731279872544,0.8351909968037281,0.378964339872251,357.8542836704564,0.47300610800924625,0.43538940075444815
2025-03-09 15:00:00,334.52,376.77,12.34,93.2,13.23,0.8878626217586326,22.747359999999983,0.0234174654809043,0.6553372278279342,0.8352641252089507,0.3753627261306226,317.38584125038307,0.654754820205746,0.5429979825756966
2025-03-09 16:00:00,169.62,194.9,11.9,89.67,11.69,0.8702924576706003,17.521745999999993,0.0180379121849821,0.6319702602230484,0.8187348476190245,0.3623570036832104,317.67170222706744,0.6534709836834427,0.5370253916833497
2025-03-09 17:00:00,31.3,34.72,12.36,86.55,8.7,0.9014976958525346,4.209850000000002,0.0043338663060146,0.6563993627190654,0.8480914342498963,0.3687050288187062,315.8219038831459,0.661778653727699,0.5445492037641019
2025-03-10 06:00:00,14.98,15.95,5.34,32.26,0.51,0.9391849529780564,10.147452,0.010446381774814,0.2835900159320234,0.8835460339627688,0.2670094024595678,360.806438367414,0.4597476210922716,0.38265233363919005
2025-03-10 07:00:00,149.27,161.6,5.7,29.71,4.7,0.923700495049505,104.921883,0.1080127352512111,0.3027084439723845,0.8689789017408851,0.3186146811654979,354.9856743070362,0.4858893826404891,0.4189795020504926
2025-03-10 08:00:00,323.7,346.1,5.43,27.54,7.33,0.9352788211499564,234.55302,0.2414626246426785,0.2883696229421136,0.8798713080486558,0.3832164608137045,356.4335946700764,0.4793865956388548,0.4409185417087947
2025-03-10 09:00:00,470.95,508.52,5.98,27.81,10.44,0.9261189333752852,339.978805,0.3499941061435976,0.317578332448221,0.8712540676540005,0.4445213663370652,365.3468635299198,0.4393560177401078,0.4414221571788908
2025-03-10 10:00:00,608.33,627.78,8.5,26.77,14.38,0.9690178087865176,445.480059,0.4586032798559374,0.4514073287307488,0.9116115404934776,0.5470461466458889,377.0772362896043,0.386673482530894,0.450822548176892
2025-03-10 11:00:00,657.3,691.85,10.15,39.28,16.8,0.9500614295006142,399.11256,0.4108698590427806,0.5390334572490707,0.8937781694591087,0.5459006005879332,378.6958589732156,0.3794040505813096,0.44600267058395904
2025-03-10 12:00:00,667.72,700.88,10.39,92.96,17.92,0.9526880493094396,47.007488000000016,0.0483922629959708,0.5517790759426447,0.8962491838290226,0.3689796910465833,382.5102567998785,0.36227312457222666,0.3649557511619693
2025-03-10 13:00:00,572.15,645.67,10.77,99.75,18.44,0.886133783511701,1.4303749999999695,0.0014725118513641,0.571959638874137,0.8336377062894439,0.339051688845812,385.57265779488,0.3485195080803124,0.3447323803865122
2025-03-10 14:00:00,469.55,536.4,11.36,99.71,18.4,0.8753728560775541,1.3616950000000063,0.0014018086344094,0.6032926181625067,0.823514274556372,0.3463915446772311,354.8124832574337,0.4866672047741525,0.43055694073538386
2025-03-10 15:00:00,327.58,380.83,11.79,88.93,17.81,0.8601738308431583,36.26310599999997,0.0373313664963924,0.6261285183218269,0.809215665508848,0.3683473718465139,308.3860283047275,0.6951740781525488,0.5644433956301349
2025-03-10 16:00:00,178.65,204.45,12.28,78.12,16.02,0.8738077769625826,39.08862,0.0402401161957338,0.6521508231545406,0.8220419133984486,0.3801736877239188,304.75493370119085,0.7114817670229536,0.5789585353033397
2025-03-10 17:00:00,35.6,39.67,13.7,68.43,13.22,0.8974035795311318,11.23892,0.0115700028989142,0.727562400424854,0.8442398603645956,0.3929016936498324,300.51343611697666,0.730530850150826,0.5954791875504285
2025-03-11 06:00:00,17.77,18.17,10.39,10.36,1.86,0.9779856906989542,15.929028,0.0163982749353929,0.5517790759426447,0.9200481497807698,0.3577424902066438,298.6657594716142,0.7388289913879992,0.586394390915457
2025-03-11 07:00:00,164.95,171.25,10.42,12.36,3.09,0.9632116788321168,144.56218,0.1488207800814815,0.5533722782793415,0.9061493755837684,0.4216519486412969,287.3587190527449,0.789610289406623,0.6424269531004926
2025-03-11 08:00:00,339.42,361.88,11.42,22.55,4.5,0.9379352271471206,262.88079,0.2706248912145356,0.6064790228359002,0.8823703440222912,0.4937302212624961,288.9027054276592,0.782676058225281,0.6670977234401669
2025-03-11 09:00:00,507.02,530.65,10.61,30.17,6.05,0.9554697069631584,354.052066,0.364481945772955,0.5634625597450876,0.8988660513373788,0.5310529510774795,296.9770393446406,0.7464132395078505,0.6602691241357022
2025-03-11 10:00:00,632.85,655.62,9.89,26.61,7.09,0.9652695158781002,464.448615,0.4781306230444482,0.5252257036643655,0.9080853028521464,0.578250083191963,306.2493023552487,0.7047703750795091,0.6541622583244907
2025-03-11 11:00:00,717.42,723.78,9.03,8.78,7.99,0.991212799469452,654.430524,0.6737091339575308,0.4795539033457249,0.9324916620601243,0.6672190703945078,324.1970896867098,0.6241646724826709,0.6413864316474057
2025-03-11 12:00:00,722.83,727.85,8.18,8.91,8.72,0.9931029745139796,658.4258470000001,0.6778221535975052,0.43441317047265,0.9342698599100708,0.6560889999225618,342.8648941942485,0.5403252849035176,0.5866307709111352
2025-03-11 13:00:00,670.4,672.1,7.48,3.85,9.03,0.997470614491891,644.5896,0.6635783100698268,0.397238449283059,0.9383787534437932,0.6386364405085898,361.1480036523616,0.4582136097254426,0.5303827420387015
2025-03-11 14:00:00,557.1,560.75,7.02,7.74,8.87,0.993490860454748,513.98046,0.529121607074815,0.372809346787042,0.9346347668259124,0.5633305609387026,337.8249277938236,0.5629603889009104,0.5631084577160272
2025-03-11 15:00:00,378.77,403.05,6.86,23.24,8.09,0.9397593350700904,290.743852,0.2993087601372282,0.3643122676579926,0.8840863886796823,0.4357653381019483,303.74543632328727,0.7160155429092406,0.6039154609863238
2025-03-11 16:00:00,208.5,219.68,7.14,36.04,6.56,0.949107793153678,133.3566,0.1372850993324401,0.379182156133829,0.8928810281564223,0.3609734021376533,298.2951022938624,0.740493657994722,0.5886855556518945
2025-03-11 17:00:00,38.95,44.8,8.16,53.78,3.26,0.869419642857143,18.002689999999998,0.0185330241240488,0.4333510355815189,0.8179137398442791,0.3028545707053359,308.3856645430079,0.6951757118508117,0.5382472553926214
2025-03-12 06:00:00,17.23,19.15,7.93,72.57,-0.95,0.899738903394256,4.7261890000000015,0.0048654159323864,0.4211364843335103,0.8464368356576295,0.2980610203977722,345.79590860967863,0.5271617415700691,0.43552145310115037
2025-03-12 07:00:00,152.95,167.32,7.3,59.48,1.15,0.9141166626822854,61.97534,0.0638010470277568,0.3876792352628784,0.8599628319546619,0.3201968604836743,328.46429271247126,0.6050001430806581,0.4910788300418646
2025-03-12 08:00:00,317.75,350.48,6.99,50.91,3.6,0.906613786806665,155.983475,0.1605785304933853,0.3712161444503452,0.8529044392470285,0.362234996431202,347.18967052537846,0.5209021867629555,0.4574353106302541
2025-03-12 09:00:00,487.4,513.97,5.33,41.54,5.67,0.9483043757417748,284.93404,0.2933277991834935,0.2830589484864578,0.8921252065627596,0.410006625450236,363.7738611810504,0.44642056320053,0.4318549881004124
2025-03-12 10:00:00,606.97,635.47,3.76,34.29,7.48,0.9551513053330606,398.839987,0.4105892564225853,0.1996813595326606,0.8985665123630926,0.4449123385437094,390.47067088162976,0.32652193373342314,0.3738780956575376
2025-03-12 11:00:00,619.97,702.85,2.25,72.26,9.04,0.8820801024400654,171.979678,0.1770459593105333,0.119490175252257,0.829824172200725,0.2903348666710888,412.46466837573126,0.22774420764473163,0.25278047125527453
2025-03-12 12:00:00,664.33,725.22,0.91,73.25,10.28,0.9160392708419516,177.708275,0.1829433127837061,0.0483271375464684,0.86177154152667,0.2783241059611276,421.4891281144217,0.1872142579434163,0.22365819715050084
2025-03-12 13:00:00,666.45,669.58,0.91,6.91,11.21,0.9953254278801636,620.398305,0.6386743732788817,0.0483271375464684,0.9363606513469788,0.521107458172777,439.3015938667888,0.10721630106798333,0.2727727639099008
2025-03-12 14:00:00,547.05,556.45,2.02,15.23,11.71,0.9831071974121662,463.734285,0.4773952498795193,0.1072756240042485,0.9248662496981752,0.4558535620806693,428.754382837107,0.1545851125979899,0.27509249239106165
2025-03-12 15:00:00,389.4,399.5,2.61,22.94,11.73,0.9747183979974968,300.07163999999995,0.3089113317544704,0.1386086032926181,0.9169744170734744,0.3794331302797156,404.2201445607868,0.2647713699576618,0.3106360740864833
2025-03-12 16:00:00,212.43,219.85,2.87,31.71,10.87,0.9662497157152604,145.06844700000002,0.1493419610007891,0.1524163568773234,0.9090074339785744,0.3021973743593065,399.11813338232594,0.2876851246228885,0.29349002451745565
2025-03-12 17:00:00,44.3,46.55,3.74,39.52,7.15,0.9516648764769066,26.79264,0.0275819137843819,0.1986192246415295,0.8952866255007865,0.2524340493848071,394.9223184709414,0.3065290412936411,0.2848910445301075
2025-03-13 06:00:00,20.85,21.58,3.97,27.6,0.59,0.9661723818350326,15.0954,0.0155400894178684,0.210833775889538,0.9089346814893554,0.2528071137736667,397.5726315442546,0.2946261619341604,0.27789854266996294
2025-03-13 07:00:00,163.4,174.43,3.96,32.67,4.01,0.9367654646563092,110.01722,0.1132581737685193,0.2103027084439724,0.8812698802572387,0.2959738754688991,387.8774550437298,0.3381683824426055,0.3212905796531229
2025-03-13 08:00:00,333.67,359.17,3.23,37.16,6.28,0.9290029790906812,209.67822800000005,0.2158550559839561,0.1715347849176845,0.8739672575805699,0.3341814149833974,380.8454716565208,0.3697498777605097,0.35552249264966473
2025-03-13 09:00:00,494.95,521.75,3.57,43.57,9.37,0.948634403449928,279.30028500000003,0.2875280816232856,0.1895910780669145,0.8924356828664016,0.3791285008049975,377.2771474878444,0.3857756569497499,0.38311679449184893
2025-03-13 10:00:00,617.05,643.1,5.17,34.83,13.07,0.959493080391852,402.131485,0.4139777173602706,0.2745618693574084,0.9026510732596332,0.4698876341392844,375.6230972533539,0.39320419835261483,0.42387757266728265
2025-03-13 11:00:00,699.67,710.3,5.28,11.25,14.49,0.9850344924679711,620.9571249999999,0.6392496553362297,0.2804036112586299,0.9266793685065986,0.5890817847470236,379.84166129969685,0.3742581125412919,0.46018758142358457
2025-03-13 12:00:00,722.78,726.65,5.34,5.71,15.68,0.9946741897749948,681.5092619999999,0.7015855737897335,0.2835900159320234,0.9357479936982772,0.6230193904141292,380.6772702435279,0.37050529082740646,0.4715109306620956
2025-03-13 13:00:00,664.17,670.97,5.5,22.05,16.56,0.9898654187221484,517.720515,0.5329718388757442,0.2920870950610728,0.9312241024471396,0.5403568684456218,381.1990462456631,0.3681619311433661,0.43703990606426835
2025-03-13 14:00:00,533.22,560.75,5.86,31.01,16.87,0.9509050378956756,367.868478,0.3787053699892136,0.3112055231014339,0.8945718010535146,0.4616287021357399,356.00824281973127,0.4812969026931307,0.4734296224701744
2025-03-13 15:00:00,370.58,406.05,6.31,36.64,16.37,0.9126462258342568,234.799488,0.2417163532460042,0.3351035581518853,0.8585795062943127,0.3931051453274302,325.470391908239,0.618446116858571,0.5283097282461147
2025-03-13 16:00:00,209.57,224.7,7.35,41.43,14.3,0.9326657765910102,122.745149,0.1263610497946121,0.3903345724907063,0.8774130647076566,0.3557635095860493,336.71520823311613,0.5679442748376174,0.4830719687369902
2025-03-13 17:00:00,46.53,50.53,9.46,49.22,9.94,0.920839105481892,23.627934000000003,0.0243239799620741,0.5023898035050453,0.8662870257732491,0.3361363361872005,329.6484466246204,0.5996819633903817,0.4942637125091092
2025-03-14 06:00:00,18.25,21.17,10.39,86.51,8.31,0.8620689655172413,2.461924999999998,0.0025344498748019,0.5517790759426447,0.8109985291714332,0.329000653554481,288.70049099836336,0.7835842278980985,0.6017507981606515
2025-03-14 07:00:00,141.55,160.7,10.25,72.3,9.88,0.8808338518979466,39.20935000000001,0.0403644027330511,0.5443441317047265,0.8286517516670256,0.3492157912113487,289.64204756910374,0.7793555824657916,0.6072996659640144
2025-03-14 08:00:00,287.33,331.62,10.86,64.77,12.82,0.8664435196912128,101.22635900000002,0.1042083462713975,0.5767392458842273,0.8151139272924443,0.3881487323594558,284.0125499931044,0.8046383428975024,0.6380424986822837
2025-03-14 09:00:00,436.65,489.23,12.55,53.39,16.94,0.8925249882468368,203.522565,0.2095180557424079,0.6664896441848116,0.8396502851516451,0.4726359781569765,283.9647622838748,0.804852963329916,0.6719661692607402
2025-03-14 10:00:00,591.53,606.12,14.41,23.8,20.07,0.9759288589718208,450.74586,0.4640242040047974,0.7652681890600107,0.918113168274438,0.6452151923752896,287.89483510701496,0.7872025267989097,0.7304075930294616
2025-03-14 11:00:00,665.12,678.4,15.18,20.65,21.35,0.9804245283018868,527.7727199999999,0.5433201678068585,0.8061603823685609,0.9223425064830548,0.6979766999106085,296.6864979655357,0.7477180962884497,0.7278215377373132
2025-03-14 12:00:00,710.22,717.6,15.24,11.71,22.11,0.9897157190635452,627.0532380000001,0.6455253513178819,0.8093467870419544,0.9310832712517236,0.751783366021872,307.0578063615817,0.7011392849468223,0.7213969173768422
2025-03-14 13:00:00,635.62,657.75,14.84,84.59,22.15,0.966354998099582,97.949042,0.1008344840861821,0.788104089219331,0.90910647925482,0.4686697646598544,320.0598493447529,0.6427455236158268,0.5731152200334378
2025-03-14 14:00:00,510.12,544.08,14.66,47.0,22.28,0.9375827084252316,270.3636,0.278328134354626,0.7785448751991504,0.8820387091109405,0.5491352715592462,298.7535336077219,0.7384347870339955,0.6627149808440957
2025-03-14 15:00:00,340.8,386.45,14.63,60.16,22.23,0.8818734635787295,135.77472000000003,0.1397744537730735,0.7769516728624536,0.8296297749780939,0.4688986837408916,263.9522768296083,0.8947314770964837,0.7243983597542469
2025-03-14 16:00:00,184.0,206.45,14.65,74.06,21.4,0.8912569629450231,47.72959999999999,0.0491356474077596,0.7780138077535848,0.8384573798321663,0.4256634419963885,249.7624842389233,0.9584595668243255,0.7453411168931507
2025-03-14 17:00:00,38.12,44.05,15.2,83.71,19.67,0.8653802497162315,6.209748000000001,0.0063926785101706,0.807222517259692,0.8141136472448908,0.408185823881971,248.1317114338096,0.9657835664519333,0.7427444694239483
2025-03-15 06:00:00,18.98,25.42,16.93,97.48,9.78,0.7466561762391817,0.478296,0.000492385932682,0.8990971853425386,0.7024229904430217,0.4104599466577069,289.2155154387677,0.7812711903015049,0.6329466928439857
2025-03-15 07:00:00,129.3,179.0,15.79,93.92,11.93,0.7223463687150838,7.861439999999996,0.0080930270514996,0.8385554965480616,0.6795533373931002,0.3915238299687883,276.8651535380507,0.8367381723838846,0.6586524354178461
2025-03-15 08:00:00,261.33,366.73,16.15,92.97,13.64,0.7125950972104818,18.371499000000007,0.0189126977225036,0.8576739245884227,0.6703797478496712,0.4008344758077129,269.8649419143326,0.8681769768356877,0.6812399764244977
2025-03-15 09:00:00,386.52,538.15,16.69,90.93,13.85,0.7182384093654186,35.05736399999996,0.0360901050197253,0.8863515666489645,0.6756887405641497,0.4190882706173819,255.5929232035205,0.9322743541008872,0.7269999207074851
2025-03-15 10:00:00,414.83,664.72,17.8,94.15,13.05,0.6240672764472258,24.267555,0.0249824433041218,0.9453000531067448,0.587096466231158,0.4135005308303159,247.3928032751562,0.9691020931417604,0.7468614682171826
2025-03-15 11:00:00,286.33,736.28,18.59,96.77,11.07,0.3888873798011626,9.248459,0.0095209056956086,0.987254381306426,0.3658490279172074,0.3741065728231735,244.20964681717695,0.9833980371504859,0.7396814514195609
2025-03-15 12:00:00,186.6,734.83,17.92,99.99,8.55,0.2539362845828287,0.0186600000000186,1.9209697559370104e-05,0.9516728624535318,0.2388926658279218,0.3332899967504236,244.0432964498976,0.9841451369452494,0.723803080867319
2025-03-15 13:00:00,159.25,690.53,16.61,98.92,7.82,0.230619958582538,1.719900000000005,0.0017705658538224,0.8821030270844398,0.2169576387612976,0.3089077188045027,247.25010839475704,0.969742953258895,0.7054088594771382
2025-03-15 14:00:00,186.02,585.55,15.34,99.43,7.98,0.3176842285031168,1.0603139999999864,0.0010915493707366,0.8146574614976103,0.2988640727861075,0.3047158276918729,247.29977190220708,0.9695199083878197,0.7035982761094409
2025-03-15 15:00:00,105.32,431.73,13.18,100.0,7.41,0.2439487642739675,0.0,0.0,0.6999468932554435,0.2294968232624765,0.2558834326291283,246.51364899048684,0.9730504822940307,0.6861836624280697
2025-03-15 16:00:00,64.62,246.07,10.96,100.0,5.84,0.2626082009184379,0.0,0.0,0.5820499203398832,0.2470508430441228,0.2240251447107895,241.9348387890721,0.9936144775390401,0.6857787444077399
2025-03-15 17:00:00,15.18,61.0,9.82,100.0,3.76,0.2488524590163934,0.0,0.0,0.5215082315454064,0.2341100147618677,0.2032744724159954,242.29179598201443,0.9920113392355415,0.6765165925077231
2025-03-16 06:00:00,17.17,32.5,10.42,95.45,-3.55,0.5283076923076924,0.7812349999999998,0.0008042490928606,0.5533722782793415,0.4970098432373314,0.265815776677699,255.19747178974436,0.9340503746465767,0.6667565354590257
2025-03-16 07:00:00,104.53,208.43,11.1,92.17,-3.29,0.5015112987573765,8.184699000000004,0.0084258088105209,0.5894848645778015,0.4718009137599016,0.2754185465305813,257.8702950795974,0.9220463991582925,0.663395258107208
2025-03-16 08:00:00,236.55,408.1,11.36,90.16,-2.57,0.5796373437882871,23.27652000000001,0.023962213796044,0.6032926181625067,0.5452986385875592,0.3020286200642859,263.19380754980006,0.8981378551679406,0.6596941611264788
2025-03-16 09:00:00,346.98,577.78,11.02,88.1,-1.7,0.600539997923085,41.29062000000004,0.0425069840427698,0.5852363250132767,0.5649629838281155,0.309816986290991,263.2305542617606,0.8979728212013018,0.6627104872371775
2025-03-16 10:00:00,612.22,704.9,10.34,52.9,-0.65,0.8685203574975174,288.35562,0.2968501741553651,0.5491237387148168,0.8170677296836835,0.4765757546288643,269.44855936597287,0.8700470016604618,0.7126585028478227
2025-03-16 11:00:00,732.7,779.22,9.66,40.02,0.5,0.940299273632607,439.47345999999993,0.4524197348318055,0.513011152416357,0.8845943403605332,0.5570320812129165,278.26324811262265,0.8304591590771773,0.7210883279314729
2025-03-16 12:00:00,765.15,789.17,9.46,10.6,1.69,0.9695629585513894,684.0441,0.704195084579763,0.5023898035050453,0.9121243946561648,0.685239362272628,289.7396495690264,0.7789172399763621,0.7414460888948684
2025-03-16 13:00:00,732.83,735.55,9.81,3.76,2.71,0.996302086873768,705.2755920000001,0.7260520267048316,0.5209771640998407,0.9372794513954644,0.7067750528614609,291.5176952173688,0.7709318200420253,0.7452691131697995
2025-03-16 14:00:00,619.75,625.42,10.46,5.63,3.44,0.9909340922899812,584.858075,0.6020871777006518,0.5554965480616039,0.9322294659694847,0.654138446462704,292.3761514589252,0.767076388326607,0.7219012115810458
2025-03-16 15:00:00,462.85,467.9,10.97,7.85,3.77,0.9892070955332336,426.516275,0.4390808492438872,0.5825809877854489,0.9306047794471416,0.5804356768470066,286.9118322484598,0.7916173125663811,0.7071446582786314
2025-03-16 16:00:00,273.15,277.25,10.73,10.15,3.29,0.9852119026149684,245.425275,0.2526551611023859,0.5698353690918747,0.9268462685737971,0.4826474449935147,291.1467552199997,0.7725977568261542,0.6566176320930983
2025-03-16 17:00:00,74.97,77.15,9.76,12.77,0.85,0.971743357096565,65.39633099999999,0.0673228156485103,0.5183218268720128,0.9141756226714132,0.3719930804201416,303.23615070021066,0.71830280677706,0.5797789162342927
2025-03-17 06:00:00,31.25,39.35,8.42,76.57,-3.74,0.7941550190597204,7.321875000000002,0.0075375672195805,0.4471587891662241,0.747107920774192,0.2873380045144958,334.9969723045543,0.5756610820234302,0.4603318510198565
2025-03-17 07:00:00,195.35,222.0,8.14,57.22,-1.86,0.8799549549549549,83.57072999999998,0.0860326070800735,0.4322889006903877,0.8278249220784766,0.3382679581628484,328.6570281124498,0.6041345448849786,0.4977879101961265
2025-03-17 08:00:00,373.4,412.55,9.75,39.15,0.41,0.9051024118288692,227.2139,0.2339073044094639,0.5177907594264473,0.8514826007015666,0.4425874001729795,328.0980676405461,0.6066449045593814,0.5410219028048207
2025-03-17 09:00:00,545.9,575.15,13.03,23.13,3.0,0.9491437016430496,419.63333,0.4319951422895652,0.6919808815719597,0.8929148093656178,0.6021747974894941,333.0921736970393,0.5842157649617045,0.5913993779728203
2025-03-17 10:00:00,618.17,692.5,14.31,36.7,5.21,0.8926642599277977,391.30161,0.4028288093562205,0.7599575146043549,0.839781306140606,0.597357920287538,339.177050130397,0.5568878425238241,0.5730758736293096
2025-03-17 11:00:00,691.97,754.58,15.03,38.89,6.41,0.9170266903442976,422.862867,0.4353198169426592,0.798194370685077,0.8627004646130003,0.6296583125994528,338.00829514473,0.5621368637565475,0.5891454432937095
2025-03-17 12:00:00,666.72,752.6,15.99,69.57,8.68,0.8858889184161574,202.882896,0.2088595429863473,0.8491768454593734,0.8334073474199395,0.5258642946149736,347.6248892523683,0.5189475663618757,0.5217142576631149
2025-03-17 13:00:00,696.9,697.35,16.79,0.96,10.53,0.99935469993547,690.20976,0.7105423763189799,0.8916622411046203,0.9401512224511412,0.8108001049811042,344.79632045757063,0.5316510139143488,0.643310650341051
2025-03-17 14:00:00,583.05,587.03,16.16,4.55,11.43,0.9932201080012946,556.521225,0.572915563644666,0.8582049920339884,0.9343800542097488,0.7307952902744792,313.0289576568816,0.6743221159788142,0.6969113856970802
2025-03-17 15:00:00,418.48,428.15,14.8,9.29,11.99,0.9774144575499242,379.60320800000005,0.3907857887588087,0.7859798194370686,0.919510757458104,0.6150889917021457,290.88058390214235,0.7737931646884598,0.7103114954939341
2025-03-17 16:00:00,237.55,243.35,14.49,11.84,11.45,0.9761660160262996,209.42408,0.215593421138548,0.7695167286245354,0.9183362757403812,0.5223189843047109,287.5935947296306,0.7885554340860961,0.682060854173542
2025-03-17 17:00:00,59.25,61.08,14.56,15.55,9.87,0.9700392927308448,50.036625,0.0515106341447296,0.7732342007434945,0.9125725099861264,0.4402400792926385,280.1719505642128,0.8218869434988791,0.6692281978163829
2025-03-18 06:00:00,28.45,30.98,3.61,50.65,4.03,0.9183344092963202,14.040075000000002,0.0144536760161095,0.1917153478491768,0.8639307120631259,0.237527584775433,310.9501555041828,0.6836582700675344,0.5052059959506938
2025-03-18 07:00:00,150.02,181.32,3.12,61.05,5.12,0.827377013015663,58.43279000000001,0.0601541384485028,0.1656930430164631,0.7783617871261096,0.2354573395544122,309.63207368837107,0.6895779363128205,0.5079296976094572
2025-03-18 08:00:00,268.08,361.75,3.28,71.91,6.7,0.7410642709053213,75.303672,0.0775220130883472,0.1741901221455125,0.6971623591218308,0.2304505150121935,309.7220067904107,0.6891740357794154,0.5056846274725266
2025-03-18 09:00:00,376.2,515.75,3.38,82.53,9.2,0.729423170140572,65.72213999999998,0.067658222526973,0.1795007966011683,0.6862108970279789,0.2249215296494328,301.1864790104556,0.7275081324026843,0.5264734913013838
2025-03-18 10:00:00,502.15,632.85,4.2,92.3,11.31,0.7934739669747964,38.66555000000003,0.0398045831439421,0.2230483271375465,0.7464672153767635,0.2361102327885877,305.98086124401914,0.7059759768607718,0.5180296792318981
2025-03-18 11:00:00,593.67,689.38,5.7,96.93,12.84,0.8611651048768458,18.225668999999968,0.0187625717742141,0.3027084439723845,0.8101482147775066,0.2622234620343238,313.6916628730201,0.6713458260008401,0.5076968804142336
2025-03-18 12:00:00,593.62,734.47,6.84,94.28,14.15,0.8082290631339605,33.955064000000014,0.0349553328000216,0.3632501327668614,0.760348194464887,0.2785223451230466,326.3691447215101,0.6144097083232628,0.4800547630431763
2025-03-18 13:00:00,631.72,664.35,7.1,51.38,15.48,0.9508843230225033,307.142264,0.3161902464702201,0.3770578863515667,0.894552313364772,0.4501229518135344,343.0358971481476,0.5395572897746133,0.5037835545901816
2025-03-18 14:00:00,471.4,535.3,6.53,76.24,16.5,0.8806276854100504,112.00464,0.1153041403882087,0.3467870419543282,0.8284577988336257,0.327379742547128,325.8311693840194,0.616825821198759,0.5010473897381066
2025-03-18 15:00:00,319.48,368.98,5.12,81.44,16.81,0.8658463873380671,59.295488,0.0610422503276591,0.2719065321295805,0.814552170078703,0.2750035188184443,316.7855080831409,0.6574509897025238,0.504472001348892
2025-03-18 16:00:00,180.62,197.6,5.62,85.48,15.52,0.9140688259109312,26.226024,0.0269986060677533,0.2984599044078598,0.8599178291152599,0.2750208401792866,316.92059535156534,0.6568442962989223,0.504114913851068
2025-03-18 17:00:00,43.53,48.22,7.59,90.8,12.85,0.9027374533388636,4.004760000000004,0.0041227346408245,0.4030801911842804,0.8492577463875091,0.2928369739531982,305.9058714304967,0.7063127652623141,0.5409224487386678
2025-03-19 06:00:00,17.7,26.83,9.27,97.18,1.01,0.6597092806559821,0.4991399999999981,0.0005138439678335,0.492299522039299,0.620626977299585,0.2720721740556234,273.9930269635755,0.8496372432390872,0.6186112155657016
2025-03-19 07:00:00,92.18,142.62,11.34,99.48,1.76,0.646332912634974,0.4793359999999984,0.0004934565696307,0.6022304832713755,0.6080430481423809,0.3025244828947042,261.07234012172705,0.9076656242136758,0.6656091676860871
2025-03-19 08:00:00,169.98,306.38,10.35,99.06,2.92,0.5548012272341536,1.5978119999999938,0.0016448813117203,0.5496548061603824,0.5219338559525094,0.2701056536944768,258.12954453423475,0.9208820782281987,0.6605715084147099
2025-03-19 09:00:00,22.17,477.52,11.27,100.0,3.87,0.0464273747696431,0.0,0.0,0.5985130111524164,0.0436769378757069,0.1882892909208663,261.0564805282403,0.9077368515829494,0.6199578273181161
2025-03-19 10:00:00,114.3,606.38,11.42,100.0,4.81,0.1884956627857119,0.0,0.0,0.6064790228359002,0.1773288581183119,0.2174094784744324,266.5948017726674,0.8828635751801528,0.6166819364978646
2025-03-19 11:00:00,122.8,672.92,14.62,99.81,5.57,0.1824882601200737,0.2333200000000015,0.0002401932815942,0.776420605416888,0.171677344236183,0.2673817471131001,282.2952087798746,0.8123511318076007,0.5943633779298004
2025-03-19 12:00:00,82.18,695.72,12.95,99.61,5.32,0.1181222330822744,0.3205020000000012,0.0003299435416488,0.6877323420074349,0.1111244704589169,0.2287095684648383,302.48857363328784,0.7216602665915614,0.5244799873408721
2025-03-19 13:00:00,109.6,660.25,8.6,99.29,5.52,0.1659977281332828,0.7781599999999873,0.0008010835076518,0.4567180031864047,0.1561637394997945,0.1686486906097062,314.60369322325624,0.6672497864271174,0.4678093481001529
2025-03-19 14:00:00,27.98,566.47,8.53,100.0,4.8,0.0493936130774798,0.0,0.0,0.4530005310674456,0.0464674511653068,0.145193649553295,318.0680936983335,0.6516907412248759,0.44909190455624354
2025-03-19 15:00:00,22.65,426.12,11.25,100.0,3.68,0.0531540411151788,0.0,0.0,0.5974508762612852,0.0500051050301563,0.1892362838844168,304.1992332610181,0.7139774854971178,0.5040810048520374
2025-03-19 16:00:00,13.6,251.88,15.06,100.0,2.19,0.0539939653803398,0.0,0.0,0.7997875730217738,0.0507952707488031,0.2500953260562927,287.04708925874417,0.7910098568313777,0.5746440445213437
2025-03-19 17:00:00,6.15,72.4,17.46,100.0,1.69,0.0849447513812154,0.0,0.0,0.9272437599575148,0.0799124793799586,0.2941556238632461,280.9314783126256,0.8184758117157825,0.608747736574768
2025-03-20 06:00:00,41.62,57.47,12.2,75.74,-2.65,0.7242039324865147,10.097012,0.0103944558828047,0.647902283590016,0.6813008559174084,0.3358280842018888,321.4656268826561,0.6364320051834508,0.516190436790826
2025-03-20 07:00:00,205.57,257.17,12.66,54.11,-1.74,0.7993545125792276,94.33607299999998,0.0971150820614602,0.672331386086033,0.7519993874264298,0.400656834341826,307.69989957405545,0.6982555659920415,0.5792160733319554
2025-03-20 08:00:00,417.62,457.92,12.5,30.19,-0.13,0.911993361285814,291.54052199999995,0.3001288989236487,0.6638343069569836,0.8579653185556119,0.5208078052600418,309.86676830852923,0.6885238941401464,0.6214374585881045
2025-03-20 09:00:00,611.8,626.17,11.65,8.71,1.38,0.9770509606017536,558.51222,0.5749652105788665,0.6186935740839087,0.9191687946893274,0.6569244364524713,307.12544073534826,0.7008355307226124,0.683271093014556
2025-03-20 10:00:00,740.33,749.5,10.76,4.75,2.56,0.987765176784523,705.1643250000001,0.7259374819342884,0.5714285714285715,0.9292482824252504,0.7202469688807658,305.1390845369223,0.7097564987519719,0.7139526868034894
2025-03-20 11:00:00,809.25,817.08,10.2,3.48,3.52,0.9904170950212952,781.0881,0.8040978653916413,0.5416887944768985,0.9317430965010765,0.7509041903391055,317.0753314139273,0.6561493577645275,0.6940512907943588
2025-03-20 12:00:00,789.53,815.38,9.63,15.02,4.28,0.9682969903603228,670.942594,0.6907076264965893,0.5114179500796602,0.9109334245806828,0.6809658831883293,329.8577295394544,0.5987420482866331,0.6316315822473115
2025-03-20 13:00:00,747.35,752.88,8.54,4.51,4.84,0.9926548719583468,713.644515,0.7346674864973017,0.4535315985130111,0.9338483037143688,0.6901628835454279,352.72717001384063,0.4960326009664545,0.5736847139980439
2025-03-20 14:00:00,605.03,633.6,7.68,19.06,5.12,0.9549084595959596,489.711282,0.5041374929593782,0.4078597981943707,0.8983380532217913,0.5540942965823585,354.3606851504023,0.48869628519374014,0.5148554897491875
2025-03-20 15:00:00,437.02,467.15,7.51,33.01,4.92,0.9355025152520604,292.759698,0.3013839901472081,0.3988316516197557,0.8800817501304928,0.4463578405856293,354.69990114390623,0.4871728247814061,0.4708468311030954
2025-03-20 16:00:00,230.85,269.5,7.05,49.04,4.08,0.8565862708719851,117.64116,0.1211067044014581,0.3744025491237387,0.8058406387113225,0.3340422446801152,355.1277092555188,0.4852514863581057,0.42476778968690954
2025-03-20 17:00:00,62.47,77.0,6.14,63.77,1.43,0.8112987012987013,22.632881,0.0232996140893236,0.3260754115772703,0.7632359820274512,0.2621196269233332,341.32433732130625,0.5472441137730922,0.4331943190331886
2025-03-21 06:00:00,32.0,42.5,11.95,83.64,-1.15,0.7529411764705882,5.235199999999999,0.0053894216861047,0.6346255974508763,0.7083356565374965,0.3347495213858145,360.2152204924642,0.46240285269926756,0.41134152017388637
2025-03-21 07:00:00,161.18,207.98,11.91,79.5,1.25,0.7749783633041639,33.0419,0.0340152682629322,0.632501327668614,0.7290673228240594,0.3525714969968622,349.978625374056,0.5083766502755445,0.4460545889640716
2025-03-21 08:00:00,309.65,394.02,13.83,76.34,4.52,0.7858738135120045,73.26318999999997,0.0754214213361875,0.7344662772172067,0.7393173079721937,0.4059140554276945,347.8849593623498,0.5177795597685086,0.473033358032183
2025-03-21 09:00:00,464.75,556.67,16.86,73.66,7.81,0.8348752402680224,122.41515000000004,0.1260213294845966,0.8953797132235795,0.7854158066028553,0.4887077400299432,341.47106796116503,0.5465851285678481,0.5234341731526861
2025-03-21 10:00:00,551.3,674.67,15.51,72.42,9.19,0.8171402315205952,152.04853999999995,0.1565276777996176,0.8236856080722252,0.7687314500324083,0.479115811327958,340.7727503812913,0.5497213580161867,0.5214791393408952
2025-03-21 11:00:00,578.85,737.1,13.04,87.58,8.72,0.7853072853072853,71.89316999999998,0.0740110424588959,0.6925119490175252,0.7387843418649106,0.3925159743076877,338.2085413984807,0.5612375334002275,0.4937489097632116
2025-03-21 12:00:00,569.42,736.92,10.69,78.76,8.57,0.772702600010856,120.94480799999997,0.1245076732611876,0.5677110993096124,0.726926379631066,0.3779524423496907,340.5090499220173,0.5509056689511412,0.48172437831056103
2025-03-21 13:00:00,538.22,644.08,10.41,67.15,9.39,0.835641535213017,176.80526999999995,0.1820137065165795,0.5528412108337759,0.7861367049278857,0.4140865574939997,339.3682060826968,0.5560293378203677,0.4992522256898205
2025-03-21 14:00:00,419.48,513.35,10.36,91.61,9.71,0.8171423005746566,35.194371999999994,0.0362311490842061,0.550185873605948,0.768733396512177,0.3369180159263228,303.55679677517094,0.7168627461344991,0.5648848540512286
2025-03-21 15:00:00,288.38,348.38,10.01,94.35,9.1,0.8277742694758596,16.29347000000003,0.016773452888122,0.5315985130111525,0.7787355094358206,0.3236133822345708,276.5048836698859,0.8383561883159651,0.6324590658834074
2025-03-21 16:00:00,153.68,181.38,9.33,95.9,7.9,0.8472819494982909,6.300879999999989,0.0064864951317128,0.4954859267126925,0.7970875212104775,0.3113065298217597,254.11673480896656,0.9389040962808461,0.6878650696972115
2025-03-21 17:00:00,45.4,51.15,7.99,97.74,6.35,0.8875855327468231,1.026040000000003,0.0010562657065271,0.4243228890069039,0.8350034514229592,0.2948256898399266,240.51302872554848,1.0,0.7179302759359706
2025-03-22 06:00:00,65.3,65.57,6.59,0.67,-4.93,0.9958822632301358,64.86249,0.0667732484376431,0.3499734466277217,0.9368844988207676,0.3257555579712916,355.6280642434489,0.4830043310622974,0.4201048218258951
2025-03-22 07:00:00,268.48,269.35,6.69,0.58,-2.96,0.9967700018563208,266.922816,0.2747859896597142,0.3552841210833776,0.9377196462961124,0.4315221604140928,361.2088713036235,0.4579402456775645,0.4473730115721758
2025-03-22 08:00:00,468.45,469.52,5.99,0.49,-1.35,0.9977210768444368,466.154595,0.4798868588344964,0.3181093998937865,0.9386143779792452,0.5230991249812332,370.80584023585567,0.4148390873399796,0.45814310239648104
2025-03-22 09:00:00,636.58,637.55,5.37,0.41,0.08,0.9984785507019058,633.9700220000001,0.6526458941219203,0.2851832182687202,0.9393269777930252,0.5997433081001813,380.1062127420121,0.3730699797376763,0.4637393110826783
2025-03-22 10:00:00,758.0,758.72,4.79,0.32,1.43,0.9990510333192746,755.5744,0.7778325673948561,0.2543813064259161,0.9398655455633934,0.6532037847378815,382.33482347143513,0.36306101705373006,0.47911812412739063
2025-03-22 11:00:00,822.35,822.83,4.4,0.23,2.69,0.9994166474241336,820.4585950000001,0.8446281602315093,0.2336696760488582,0.940209500064884,0.680456882943389,392.9240886056641,0.31550333540945774,0.4614847544230303
2025-03-22 12:00:00,823.4,823.6,4.38,0.15,3.84,0.9997571636716852,822.1649,0.846384730595604,0.232607541157727,0.9405298435489552,0.6810805963549111,396.5802236959319,0.2990831866581186,0.45188215053683567
2025-03-22 13:00:00,728.08,761.58,4.26,13.73,4.77,0.9560125003282648,628.1146160000001,0.6466179960325736,0.22623473181094,0.8993766886974436,0.5710547552990575,407.9377481542902,0.24807515865892474,0.3772669973149778
2025-03-22 14:00:00,588.58,644.22,3.77,27.72,5.37,0.913631989072056,425.425624,0.4379580691874668,0.2002124269782262,0.8595068712360339,0.450944136934408,370.8215788561252,0.4147684032761838,0.42923869673947346
2025-03-22 15:00:00,415.6,479.92,2.62,41.86,5.52,0.865977662943824,241.62984000000003,0.2487479178839414,0.1391396707381837,0.8146756686935974,0.3290509939021453,341.65993505979253,0.5457369033854821,0.4590625395921474
2025-03-22 16:00:00,243.45,284.27,1.08,53.62,5.11,0.8564041228409611,112.91211,0.1162383431880042,0.0573552841210833,0.8056692814404303,0.2364596131184132,340.4541900065432,0.5511520515246324,0.4252750761621447
2025-03-22 17:00:00,64.4,88.05,1.48,69.23,3.31,0.7314026121521864,19.81588,0.020399628171082,0.0785979819437068,0.6880730735175782,0.1713938233721686,321.2183756066885,0.6375424408293201,0.4510829938464595
2025-03-23 06:00:00,15.12,41.6,10.71,100.0,0.53,0.3634615384615384,0.0,0.0,0.5687732342007435,0.341929456799125,0.239017861620048,328.2319881611546,0.6060434511625684,0.4592332153455603
2025-03-23 07:00:00,63.58,182.0,12.97,100.0,2.28,0.3493406593406593,0.0,0.0,0.6887944768985662,0.328645122649862,0.2723673675995423,321.94529914529915,0.6342777385302695,0.4895135901579786
2025-03-23 08:00:00,92.45,367.52,10.53,100.0,2.96,0.2515509360034828,0.0,0.0,0.559214020180563,0.2366486293682054,0.2150939319278099,311.8002298968895,0.6798404822579146,0.4939418621258727
2025-03-23 09:00:00,38.67,533.7,9.92,99.07,2.42,0.0724564362001124,0.3596310000000033,0.000370225227383,0.5268189060010622,0.0681639932972621,0.1718635830734625,303.4538903900783,0.71732491126488,0.49914037998831295
2025-03-23 10:00:00,66.85,671.53,9.4,99.29,3.08,0.0995487915655294,0.4746349999999922,0.0004886170847311,0.4992033988316516,0.093651351306908,0.1687355984532426,298.32567301378856,0.7403563611618015,0.5117080560783779
2025-03-23 11:00:00,45.22,754.72,9.55,99.07,5.07,0.0599162603349586,0.4205460000000038,0.0004329346982741,0.5071694105151355,0.0563667188459208,0.1636406342728618,303.56557723165275,0.7168233120331936,0.49555024092906086
2025-03-23 12:00:00,49.7,766.75,10.0,100.0,6.59,0.0648190414085425,0.0,0.0,0.5310674455655868,0.060979050803771,0.1715160438304302,305.99517211732416,0.7059117049827837,0.4921534405218423
2025-03-23 13:00:00,47.45,715.67,9.8,100.0,6.95,0.0663015076781198,0.0,0.0,0.5204460966542752,0.0623736932422122,0.168608567644725,309.9008605176193,0.688370781869757,0.4804658961797442
2025-03-23 14:00:00,35.7,607.88,9.64,99.08,6.49,0.0587286964532473,0.3284399999999995,0.000338115384051,0.5119490175252258,0.0552495082747374,0.1648036646045407,302.7808764940239,0.7203474987820501,0.49812996511104635
2025-03-23 15:00:00,91.57,455.73,7.99,100.0,6.0,0.2009303754415991,0.0,0.0,0.4243228890069039,0.1890269171808409,0.1651022501382393,305.6319063979942,0.7075431756479508,0.49056680544406617
2025-03-23 16:00:00,68.55,272.3,9.2,100.0,5.81,0.2517443995593095,0.0,0.0,0.4885820499203399,0.2368306318129049,0.1939407413386829,304.8844995490055,0.7108998709929428,0.5041162191312388
2025-03-23 17:00:00,26.52,87.93,14.09,100.0,4.25,0.3016035482770385,0.0,0.0,0.7482740308019119,0.2837360394928537,0.2812294171391443,296.4334496888754,0.7488545669716836,0.5618045070386679
2025-03-24 06:00:00,25.62,65.68,12.55,99.81,-2.8,0.3900730816077953,0.0486780000000003,5.011198594823629e-05,0.6664896441848116,0.366964486725817,0.273364846593581,308.6031199188628,0.6941990932275504,0.5258653945739626
2025-03-24 07:00:00,111.47,259.98,13.21,98.63,-1.91,0.4287637510577736,1.5271390000000051,0.0015721263837668,0.7015400955921403,0.4033630549050619,0.2919207028505379,303.1316144730921,0.7187722917268256,0.5480316561763104
2025-03-24 08:00:00,206.98,459.12,13.15,98.43,-0.66,0.4508189580066213,3.2495859999999865,0.0033453142686549,0.6983536909187468,0.4241116737645229,0.2960010991628561,306.1398950703163,0.7052617365442023,0.5415574815916638
2025-03-24 09:00:00,315.42,626.62,12.81,98.27,0.9,0.5033672720308959,5.456766000000029,0.005617514711262,0.6802973977695168,0.4735469360101083,0.3016073638885077,301.7074634829587,0.7251683275747911,0.5557439421002778
2025-03-24 10:00:00,534.85,749.58,12.69,85.46,2.61,0.7135329117639211,77.76719000000004,0.0800581028907062,0.6739245884227297,0.6712620046689021,0.3764588289059524,306.1935629514964,0.705020707542158,0.5735959560876758
2025-03-24 11:00:00,671.5,816.65,12.7,58.11,4.16,0.8222616788097716,281.29135,0.2895778006195883,0.6744556558682953,0.7735494940461596,0.5018354958795146,324.2674313955794,0.623848759286209,0.5750434539235312
2025-03-24 12:00:00,757.62,818.03,12.57,32.76,5.33,0.926151852621542,509.423688,0.5244305989308217,0.6675517790759428,0.8712850367079435,0.6367378405297823,344.06555418035936,0.534932974421282,0.5756549208646821
2025-03-24 13:00:00,710.5,761.75,12.27,28.39,6.12,0.932720708893994,508.78905,0.523777265381,0.6516197557089751,0.8774647427272882,0.6328675079486501,363.0876931361584,0.44950222760498076,0.5228483397424485
2025-03-24 14:00:00,634.75,649.38,11.88,11.57,6.51,0.977470818319012,561.309425,0.5778448173345742,0.6309081253319172,0.9195637793190704,0.6621076021306764,357.57004944666824,0.47428263858582337,0.5494126240037646
2025-03-24 15:00:00,477.23,490.12,11.36,10.98,6.45,0.9737003182893984,424.830146,0.4373450492365961,0.6032926181625067,0.916016650144292,0.5828636400959084,359.5399320069108,0.46543565567538536,0.5124068494435946
2025-03-24 16:00:00,286.83,298.17,10.25,12.06,5.85,0.9619680048294597,252.238302,0.2596688903700007,0.5443441317047265,0.904979378950937,0.4741335604866057,360.0689867915533,0.4630596060910685,0.4674891878492834
2025-03-24 17:00:00,96.72,101.93,8.39,12.9,3.54,0.9488864907289316,84.24312,0.086724804751131,0.4455655868295274,0.8926728360648953,0.3555666456374028,353.04291937441974,0.4946145320655952,0.4389953774943183
2025-03-25 06:00:00,63.3,73.53,3.92,79.01,-1.76,0.8608731130150958,13.286669999999996,0.0136780767562111,0.20817843866171,0.8098735210118319,0.2312672741789849,451.9675868969703,0.05033178107510431,0.12270597831665656
2025-03-25 07:00:00,248.3,269.08,2.93,65.79,0.26,0.9227738962390368,84.94342999999999,0.0874457449064251,0.1556027615507169,0.8681071962248759,0.2640251401634028,452.0006034497209,0.05018349970856932,0.1357201558905027
2025-03-25 08:00:00,442.9,466.23,5.05,51.86,3.58,0.9499603200137272,213.21206,0.2194929897430962,0.2681890600106213,0.8936830498707338,0.3689398228488812,455.7313317289083,0.0334283438451691,0.16763293544665397
2025-03-25 09:00:00,614.33,634.2,6.67,37.43,5.44,0.9686691895301168,384.386281,0.3957097644144516,0.3542219861922464,0.9112835740366264,0.486378192872225,458.0593154871864,0.022973084764786527,0.2083351280077619
2025-03-25 10:00:00,733.85,755.45,7.33,23.8,6.65,0.97140777020319,559.1937,0.5756667660286386,0.3892724375995752,0.913859916518167,0.5873870975978253,461.9783436735916,0.005372251044840183,0.2381781896660342
2025-03-25 11:00:00,813.58,820.22,7.72,6.43,7.63,0.9919046109580356,761.266806,0.7836926637316747,0.409984067976633,0.9331424894557824,0.7014700501499838,450.4242500709712,0.05726309505302105,0.3149458770918061
2025-03-25 12:00:00,741.92,817.85,8.26,55.96,8.16,0.9071590144892094,326.741568,0.3363669186145811,0.4386617100371747,0.8534173667114127,0.4704654456607254,451.2747291568535,0.05344348971697557,0.2202522720944755
2025-03-25 13:00:00,623.35,761.25,9.03,65.3,8.01,0.8188505747126437,216.30245,0.2226744183197544,0.4795539033457249,0.7703404695756387,0.4092714740787224,447.9780857972507,0.06824911724668134,0.20465805997949776
2025-03-25 14:00:00,469.23,648.45,9.26,80.42,7.6,0.723617857969003,91.875234,0.0945817501787026,0.4917684545937334,0.6807495014542517,0.3309713117583217,420.9733888512686,0.1895305058961853,0.24610682824103985
2025-03-25 15:00:00,345.83,488.88,8.73,68.72,7.33,0.7073924071346751,108.17562399999998,0.1113623269203676,0.4636218799787573,0.665485274010583,0.3278647822559276,415.1646869799736,0.2156180946816039,0.26051676971133336
2025-03-25 16:00:00,221.2,297.27,7.67,57.46,6.97,0.7441046859757123,94.09848,0.0968704899032491,0.4073287307488051,0.7000226548160138,0.3106383951394689,407.4676654766782,0.25018635731576977,0.27436717244524944
2025-03-25 17:00:00,80.62,102.82,5.94,48.16,4.45,0.7840886986967517,41.793408,0.0430245834755925,0.3154540626659586,0.7376379464042901,0.2636760998184418,395.8781702171152,0.3022361944844025,0.2868121566180182
2025-03-26 06:00:00,64.6,75.82,4.83,58.87,-1.91,0.852017937219731,26.56998,0.0273526945315113,0.2565055762081785,0.8015429409389412,0.2509366083159975,446.3609551898012,0.07551184810018466,0.1456817521865098
2025-03-26 07:00:00,249.55,267.5,3.29,36.82,0.64,0.9328971962616824,157.66568999999998,0.1623103011996985,0.174721189591078,0.8776307746821987,0.3090976624136124,450.24347629139504,0.058074972152115024,0.15848404825671397
2025-03-26 08:00:00,451.62,463.75,2.02,17.93,3.7,0.973843665768194,370.644534,0.3815632047248954,0.1072756240042485,0.9161515054738698,0.4061945906584963,451.83106427542873,0.05094492082467287,0.19304478875820225
2025-03-26 09:00:00,622.35,628.92,1.17,8.14,6.37,0.9895535203205496,571.69071,0.5885319205032464,0.0621348911311736,0.9309306814390004,0.4990925638787754,447.167364360174,0.07189016613137209,0.24277112523033342
2025-03-26 10:00:00,744.17,748.8,2.94,4.11,8.93,0.9938167735042736,713.584613,0.734605819867977,0.1561338289962825,0.9349413722303236,0.6011313330789381,451.8601719568169,0.0508141946763223,0.2709410500373686
2025-03-26 11:00:00,805.6,809.92,3.82,3.01,10.29,0.994666139865666,781.35144,0.8043689630205416,0.2028677642060541,0.9357404206793112,0.6501928949079493,448.0079435943225,0.06811502223727872,0.30094617130554696
2025-03-26 12:00:00,696.83,807.05,4.35,39.68,11.07,0.8634285360262686,420.327856,0.4327101280562912,0.2310143388210302,0.8122775564038593,0.4481148769552265,451.7982879013644,0.051092123519425145,0.20990122489374569
2025-03-26 13:00:00,637.53,749.28,4.7,74.22,11.41,0.8508568225496477,164.35523400000002,0.1691969098304579,0.2496016994158258,0.8004506126829624,0.3195690872765692,449.0260066993487,0.06354277662543614,0.16595330088588936
2025-03-26 14:00:00,417.0,634.58,4.96,90.39,11.52,0.6571275489300009,40.07369999999999,0.041254215277822,0.2634094530005311,0.6181981917659014,0.2232895818922506,424.6649338580162,0.17295132688980505,0.19308662889078326
2025-03-26 15:00:00,306.05,474.67,4.75,92.61,11.2,0.6447637305917796,22.617094999999992,0.0232833630557935,0.2522570366436538,0.6065668271207026,0.2086321579451334,413.9891147988314,0.2208977327709278,0.21599150284061006
2025-03-26 16:00:00,174.3,283.38,3.27,94.86,9.83,0.6150751640906205,8.95902,0.0092229402265903,0.1736590546999469,0.5786370619525505,0.1724365989137893,412.371195337011,0.2281640064656538,0.205873043444908
2025-03-26 17:00:00,60.28,96.88,1.77,97.51,8.51,0.6222130470685384,1.5009719999999953,0.0015451885404637,0.0939989378651088,0.5853520845644781,0.1460426925426601,408.089948037986,0.24739161041234217,0.20685204326446935
2025-03-27 06:00:00,30.95,65.38,5.6,99.67,3.74,0.4733863566840012,0.102134999999999,0.0001051437545672,0.2973977695167286,0.4453421412406362,0.1783403309804294,391.5435113022669,0.32170367651415266,0.26435833830066335
2025-03-27 07:00:00,128.8,237.2,3.59,96.04,5.9,0.5430016863406408,5.100479999999997,0.0052507330229109,0.1906532129580457,0.5108333399934465,0.1619879983975584,383.1565140874301,0.35937070424824,0.2804176219079674
2025-03-27 08:00:00,219.6,421.92,3.01,98.07,7.81,0.5204778156996587,4.238280000000021,0.0043631338141396,0.1598513011152416,0.4896438218785888,0.1480657216173601,370.5227605483828,0.41611043275310733,0.3088925482988084
2025-03-27 09:00:00,314.75,580.83,4.35,98.54,9.81,0.5418969405850248,4.595349999999983,0.0047307225980365,0.2310143388210302,0.5097940412612674,0.1736284711975808,364.8165152657987,0.44173787649857194,0.33449411437817544
2025-03-27 10:00:00,618.78,696.7,4.97,58.93,11.27,0.8881584613176402,254.13294599999995,0.2616193479382021,0.2639405204460966,0.8355424387277326,0.3771003178484766,362.2438128383604,0.4532921969786652,0.42281544532658977
2025-03-27 11:00:00,709.3,752.5,4.94,35.66,12.45,0.9425913621262458,456.36362,0.4698074553746269,0.2623473181093999,0.8867506416211365,0.4909580514443607,352.12729905419144,0.4987266946325413,0.4956192373572691
2025-03-27 12:00:00,616.95,769.78,4.98,46.99,13.37,0.801462755592507,327.04519500000004,0.3366794900422796,0.2644715878916623,0.7539827345266003,0.3984777682939585,346.66831553525185,0.5232436556307004,0.47333730069600366
2025-03-27 13:00:00,661.47,713.03,5.45,42.72,14.05,0.9276888770458468,378.890016,0.3900515871177717,0.2894317578332449,0.8727310051829411,0.4564015219454476,350.23502934305736,0.5072251087686008,0.48689567403933953
2025-03-27 14:00:00,477.58,598.6,6.19,94.25,14.42,0.7978282659538923,27.46085,0.0282698083184727,0.3287307488050983,0.750563558255202,0.2628668404518063,357.46680782877417,0.474746309287615,0.3899945217532915
2025-03-27 15:00:00,287.55,447.02,6.53,95.31,14.5,0.643259809404501,13.486094999999985,0.0138833765384069,0.3467870419543282,0.6051520007904903,0.2320082010136,362.0971732991762,0.45395077303966525,0.36517374422923915
2025-03-27 16:00:00,176.5,259.98,6.09,95.79,13.84,0.6788983767982152,7.430649999999985,0.0076495465792813,0.3234200743494424,0.6386792786466622,0.2285866513238058,356.1832642479458,0.4805108601058084,0.3797411765930073
2025-03-27 17:00:00,57.62,87.93,5.93,97.77,11.2,0.6552939838507903,1.2849259999999991,0.0013227781268031,0.314922995220393,0.6164732502103406,0.2184329376715876,345.0276161936659,0.5306122365446766,0.405740516995441
2025-03-28 06:00:00,50.67,61.25,7.2,77.92,7.25,0.827265306122449,11.187936,0.0115175169814241,0.3823685608072225,0.7782566979398394,0.2761206663208467,322.2650035002864,0.6328419072670003,0.4901534108885388
2025-03-28 07:00:00,191.7,219.45,6.6,66.22,8.82,0.8735475051264525,64.75626,0.0666638890500906,0.3505045140732873,0.8217970605099565,0.3028427108490228,317.7830080742702,0.6529710955439623,0.5129197416659865
2025-03-28 08:00:00,356.98,401.4,6.39,61.81,11.99,0.8893373193821625,136.33066200000002,0.1403467730485579,0.33935209771641,0.8366514592291908,0.3393093076850402,306.4541292182466,0.70385047264821,0.5580340066629421
2025-03-28 09:00:00,508.4,562.55,9.45,53.35,17.27,0.9037418896098124,237.1686,0.2441552559793498,0.5018587360594796,0.8502026781400369,0.4426757844355261,304.5468359559668,0.7124163593853893,0.6045201294054441
2025-03-28 10:00:00,678.3,688.7,12.15,4.87,21.06,0.9848990852330476,645.26679,0.6642754491421857,0.645246946362188,0.9265519830272984,0.711022205085209,309.28617705201253,0.6911314003072756,0.699087722218449
2025-03-28 11:00:00,743.2,750.47,13.01,3.01,22.81,0.99031273735126,720.82968,0.7420643164310657,0.6909187466808285,0.9316449211574648,0.7646367664512744,314.405013759206,0.6681420801397392,0.7067399546643534
2025-03-28 12:00:00,761.0,764.7,14.26,2.22,23.97,0.9951615012423172,744.1058,0.766026118443668,0.7573021773765268,0.9362064360028436,0.7974449996353608,317.7141568981064,0.6532803145761921,0.7109461885998596
2025-03-28 13:00:00,600.62,707.38,15.58,59.96,24.55,0.849076875229721,240.488248,0.2475726961767509,0.8274030801911844,0.7987761124791452,0.5317624946415598,322.25259864621864,0.6328976189800531,0.5924435692446558
2025-03-28 14:00:00,456.05,593.42,15.89,57.64,24.37,0.7685113410400729,193.18278,0.198873675105821,0.8438661710037175,0.7229834179926753,0.4971933724525608,318.82756415845614,0.6482798667304795,0.5878452690193121
2025-03-28 15:00:00,340.2,438.75,16.54,60.58,23.44,0.7753846153846153,134.10684,0.1380574403558553,0.8783855549654807,0.7294495078381334,0.4784342882351985,300.9366129194945,0.7286303115017057,0.6285519021951028
2025-03-28 16:00:00,216.73,254.1,15.97,60.47,21.93,0.8529319165682802,85.673369,0.088197186890711,0.8481147105682423,0.8024027745914863,0.4590135615341255,287.3198847262248,0.789784699104945,0.6574762440766171
2025-03-28 17:00:00,73.88,86.07,15.37,64.86,20.37,0.8583710932961544,25.961432,0.0267262195566802,0.816250663834307,0.8075197252098893,0.4197422539706101,276.2067031876806,0.8396953532405845,0.6717141135325948
2025-03-29 06:00:00,16.65,65.3,8.24,100.0,13.33,0.2549770290964778,0.0,0.0,0.4375995751460436,0.2398717548609044,0.1792542235159939,319.10596472330684,0.647029535827917,0.4599194109031478
2025-03-29 07:00:00,17.3,222.5,8.6,100.0,14.95,0.077752808988764,0.0,0.0,0.4567180031864047,0.0731465999254486,0.1516447209410111,318.63164642492075,0.6491597571744184,0.4501537426810555
2025-03-29 08:00:00,40.45,403.67,8.55,100.0,17.09,0.1002056134961726,0.0,0.0,0.4540626659585768,0.0942692619857358,0.1550726521847202,336.60293907832784,0.5684484893089913,0.4030981544592829
2025-03-29 09:00:00,70.18,566.2,8.29,100.0,18.36,0.12394913458142,0.0,0.0,0.4402549123738715,0.1166061763716202,0.1553977089864855,353.4118766236142,0.49295750004542055,0.3579335836218465
2025-03-29 10:00:00,139.38,686.05,6.87,100.0,19.3,0.20316303476423,0.0,0.0,0.3648433351035582,0.1911273099559225,0.1476784625222519,378.13639111241366,0.3819166890011576,0.2882213984095953
2025-03-29 11:00:00,122.38,753.53,5.29,98.99,20.44,0.1624089286425225,1.2360379999999995,0.0012724499545479,0.2809346787041955,0.152787546613937,0.11547413791132,399.1815312339426,0.2874003971365239,0.21862989344644232
2025-03-29 12:00:00,174.75,767.55,4.36,97.94,20.57,0.227672464334571,3.599850000000011,0.0037058965572898,0.2315454062665959,0.2141847591014803,0.1141535219789197,403.0593550452678,0.26998461729213624,0.2076521791668496
2025-03-29 13:00:00,206.93,698.92,3.01,99.07,19.97,0.296071081096549,1.9244490000000176,0.0019811405819075,0.1598513011152416,0.2785313251074169,0.1046522256470096,406.1833651974715,0.25595430655869966,0.19543347419402365
2025-03-29 14:00:00,189.35,579.42,0.96,100.0,19.06,0.3267923095509302,0.0,0.0,0.0509824747742963,0.3074325755727946,0.0767812575468478,406.842499375988,0.25299405454636514,0.18250893574655822
2025-03-29 15:00:00,254.43,419.27,4.14,99.81,16.63,0.6068404608009159,0.4834170000000032,0.0004976577901955,0.2198619224641529,0.5708901965354588,0.1803854449414354,403.9001154265091,0.26620865984434855,0.2318793738831833
2025-03-29 16:00:00,147.4,240.18,7.06,99.62,13.65,0.6137063868765092,0.5601199999999874,0.0005766203535339,0.3749336165693043,0.5773493734359577,0.2282382698347498,394.9170953004696,0.3065524991894744,0.27522680744758454
2025-03-29 17:00:00,57.4,82.68,8.78,99.43,10.37,0.6942428640541848,0.3271799999999958,0.0003368182662094,0.4662772172065852,0.6531147322974203,0.2706745207545644,380.2657151049798,0.3723536351657562,0.33168198940127946
